c,o,r,r,e,s,p,o,n,d,s
c,c,c
e,v,e,r,y
d,p,t,.,d,e,p,t,n,a,m,e
c,c,.,l,a,s,t,n,a,m,e
t,e,m,p,.,y,e,a,r,r,e,l,e,a,s,e,d
n,u,m,c,u,s,t
h,r
s,t,h
g,.,m,a,x,s,a,l,a,r,y
t,o,t,a,l,.,p,r,o,d,u,c,t,i,d
p,p,2
p,r,r,.,b,r,a,n,d,n,a,m,e
p,p,u,r,.,p,r,o,d,u,c,t,i,d
p,u,.,m,p,r,i,c,e
g,.,g,r,a,d,e,=,1,5
x,.,p,r,o,d,u,c,t,i,d
o,n,e
b,.,e,m,p,n,a,m,e
f,.,c,u,s,t,o,m,e,r,i,d,=,b,.,c,u,s,t,o,m,e,r,i,d
g,.,c,u,s,t,o,m,e,r,i,d
p,r,i,o,r
p,u,r,c,h,.,p,r,o,d,u,c,t,i,d,=,p,r,o,d,.,p,r,o,d,u,c,t,i,d
j,*
e,.,c,r,e,d,i,t
p,r,o,2,.,y,e,a,r,r,e,l,e,a,s,e,d
b,.,s,a,l,a,r,y
c,r,e,d,i,t,s,.,n,e,t,i,d
m,.,j,o,b,t,i,t,l,e
c,o,u,.,d,e,p,a,r,t,m,e,n,t,=,',c,s
d,e,p,.,d,e,p,t,n,a,m,e
s,.,d,r,i,n,k
p,i,.,p,r,o,d,u,c,t,i,d
s,.,d,e,p,a,r,t,m,e,n,t,=
n,u,m,e,m,p,l,o,y,e,e,s
o,.,p,r,i,c,e,=,i,.,m,i,n,p,r,i,c,e
d,e,.,d,e,p,t,i,d
e,e,.,e,m,p,i,d
d,e,p
b,.,d,e,p,a,r,t,m,e,n,t
e,m,p,.,j,o,b,t,i,t,l,e
t,o,t,a,l,_,n,u,m,b,e,r
c,a,f,e,n,a,m,e
b,n,1
t,e,m,p,2,.,d,e,p,a,r,t,m,e,n,t
x,x,x,.,p,r,o,d,u,c,t,n,a,m,e
t,b,1,.,c,t,",",0
r,e,s,u,l,t,.,m,i,n,s,a,l,a,r,y
m,i,n,p,r,i,c,e,t,a,b,l,e,.,m,i,n,p,r,i,c,e
p,a,.,c,u,s,t,o,m,e,r,i,d
g,.,c,r,n
m,i,n,p,u,r
c,u,r,r,.,b,r,a,n,d,n,a,m,e
m,o,n,t,h,l,y,s,a,l,a,r,y
a,g,g,r,e,g,a,t,e
i,n,f,o,r,m,a,t,i,o,n,_,s,c,h,e,m,a,.,t,a,b,l,e,s
c,r,r,n
s,a,l,a,r,y,a,f,t,e,r,c,o,m,i,s,s,i,o,n
d,e,p,t,.,n,e,t,i,d
m,p,r,i,c,e
p,c,n,t
f,.,p,r,i,c,e
x,.,l,a,s,t,n,a,m,e
c,u,s,t,p,u,r,c,h,a,s,e,s
p,d,1
p,r,o,d,1,.,p,r,o,d,u,c,t,i,d
m,i,n,s
r,e,a,l,c,o,u,n,t,s
r,e,.,l,a,s,t,n,a,m,e
r
t,e,m,p,.,l,a,s,t,n,a,m,e
t,m,p,1,.,c,u,s,t,o,m,e,r,i,d
p,u,r,0
m,a,n,a,g,e,r,s
l,n
w,i,t,h
t,b,.,p,r,o,d,u,c,t,n,a,m,e
0,*,/
d,.,b,r,a,n,d,n,a,m,e
p,5,.,p,r,o,d,u,c,t,n,a,m,e
e,n,.,c,r,n
p,c,2,.,p,u,r,c,h,a,s,e,i,d
a,1,.,b,r,a,n,d,n,a,m,e
b,.,y,e,a,r,e,s,t,a,b,l,i,s,h,e,d
p,4,.,l,a,s,t,n,a,m,e
p,u,r,c,h,a,s,e,s,.,p,r,o,d,u,c,t,i,d,=,p,.,p,r,o,d,u,c,t,i,d
c,u,s,t,1
p,x
c,u,s,t,o,m,e,r,i,d,=,p,c,.,c,u,s,t,o,m,e,r,i,d
h,2,.,p,r,o,d,u,c,t,i,d
p,d,o,n,e
f,r,e
g,r,a,d,e,_,1,2,.,m,i,n,s,a,l,a,r,y
p,s,2,.,c,u,s,t,o,m,e,r,i,d
t,e,m,p,2,.,d
p,u,r,c,h,a,s,e,a,m,o,u,n,t,m,a,p,p,i,n,g
c,u,r,r,e,n,t,.,y,e,a,r,r,e,l,e,a,s,e,d
s,2,.,l,a,s,t,n,a,m,e
r,e,s,.,c,u,s,t,o,m,e,r,i,d
p,e,r,f,o,r,m,i,n,g
',g,e,n,e,r,a,l
.,c,o,m,i,s,s,i,o,n
p,r,o,c,e,s,s,e,d,.,c,u,s,t,o,m,e,r,i,d
t,a,b,l,e,1,.,m,i,n,p,r,i,c,e
c,i,.,c,r,n
a,m,o,u,n,t
f,r,e,.,f,r,e,q,u,e,n,c,y
m,i,n,s,.,m,i,n,p,r,i,c,e
p,r,r
q,.,p,r,o,d,u,c,t,n,a,m,e
s,.,g,r,a,d,e,=,1,2
r,p
p,5,.,c,u,s,t,o,m,e,r,i,d
t,a,k,e
t,e,m,p,.,m,i,n,p,r,i,c,e
e,c,e,.,l,a,s,t,n,a,m,e
s,t,u,d,e,n,t,w,o,r,k,l,o,a,d,s,.,n,e,t,i,d
m,i,n,p,e,e,p,s
s,t,u,d,e,n,t,w,o,r,k,l,o,a,d,s,.,t,o,t,a,l,c,r,e,d,i,t,s
c,4
s,o,m,e,t,h,i,n,g
e,n,r,o,l,l,m,e,n,t,s,.,c,r,n,=,c,o,u,r,s,e,s,.,c,r,n
s,a,l
c,s,1,.,c,u,s,t,o,m,e,r,i,d
a,v,e,r,a,g,e
l,o,w,e,s,t,_,p,r,i,c,e
c,s,.,f,i,r,s,t,n,a,m,e
p,.,p,r,i,c,e,=,m,i,n,p,r,i,c,e
c,u,s,t,o,m,e,r,r,e,c,e,i,p,t,.,c,u,s,t,o,m,e,r,i,d
f,i,n,a,l,.,y,e,a,r,r,e,l,e,a,s,e,d
p,1,2,.,p,r,o,d,u,c,t,n,a,m,e
s,.,g,r,a,d,e,=,1,3
',s
l,o,w,e,s,t,_,p,r,i,c,e,.,p,r,o,d,u,c,t,i,d
f,r,e,q
f,u,n,c,t,i,o,n
e,3,.,e,m,p,i,d
m,.,p,r,o,d,u,c,t,n,a,m,e
p,7
n,e,w,_,t,a,b,l,e
c,1,.,d,e,p,a,r,t,m,e,n,t
e,.,j,o,b,t,i,t,l,e,=
c,n,.,c,r,n
a,.,s,u,m,_,c,r,e,d,i,t
e,n,r,2,.,c,r,n
d,o,e,s
q,u,a,l,i,f,i,e,d,c,u,s,t,o,m,e,r,s
p,r,o,d,c,n,t
p,g,.,c,u,s,t,o,m,e,r,i,d
p,p,2,.,b,r,a,n,d,n,a,m,e
t,b,1,.,p,r,o,d,u,c,t,i,d
p,u,r,c,2
i,n,s,i,d,e,.,b,r,a,n,d,n,a,m,e
m,i,n,p,r,o,.,p,r,o,d,u,c,t,i,d
p,4,.,f,i,r,s,t,n,a,m,e
d,2,.,d,e,p,t,i,d
x,.,c,r,n
e,c,e,m,a,j,o,r,s,.,n,e,t,i,d
s,a,l,.,m,a,x,s,a,l,a,r,y
a,.,d,e,p,t,n,a,m,e
r,e,t,u,r,n
e,_,d,e,p,t
a,v,g,s,a,l,a,r,y
c,o,u,r,s,e,s,.,d,e,p,a,r,t,m,e,n,t,=,',c,s,'
1,0,0,0,0,.,0
d,.,m,a,n,a,g,e,r,i,d
n,u,m,p,r,o,d,u,c,t,s,.,n,a,m,e
c,n,.,d,e,p,a,r,t,m,e,n,t
p,2,i,d
o,p,e,r,a,t,i,o,n,s
c,a
n,a,m,e,m,a,t,c,h,e,s
c,2,.,p,h,o,n,e,n,u,m,b,e,r
i,n,t,e,r,s,e,c,t
t,a,k,i,n,g
t,e,m,p,.,p,r,i,c,e
e,1,.,j,o,b,t,i,t,l,e
s,g,1,.,m,i,n,s,a,l,a,r,y
p,u,r,c,2,.,p,r,o,d,u,c,t,i,d,=,p,r,o,d,2,.,p,r,o,d,u,c,t,i,d
e,n,r,o
n,o,t,e
c,o,n,d,i,t,i,o,n,s
m,i,n,p,r,i,c,e,t,a,b,l,e,.,p,r,o,d,u,c,t,i,d
p,4,.,c,t,s
c,c,.,p,h,o,n,e,n,u,m,b,e,r
p,.,b,n
d,3,.,b,r,a,n,d,n,a,m,e
s,t,u,d,e,p,t
e,1,.,c,r,n
a,.,b,r,a,n,d,n,a,m,e,=,b,.,b,r,a,n,d,n,a,m,e
c,p,.,c,t,s
o,.,c,n,t
a,g,b,u,y,e,r,s,.,c,u,s,t,o,m,e,r,i,d
a,.,b,r,a,n,d,n,a,m,e,=,',s,a,m,s,u,n,g,'
t,a,b,l,e,_,s,c,h,e,m,a
p,s,.,p,r,o,d,u,c,t,n,a,m,e
p,0
d,e,p,s,o,f,s,t,u,d,e,n,t,s
p,r,g
3,.,8,0
p,2,.,m,i,n,p,r,i,c,e
d,3,.,p,r,o,d,u,c,t,n,a,m,e
i,t,e,m,.,b,r,a,n,d,n,a,m,e
c,u,r,r,e,n,t
f,i,r
a,n,s
e,c
r,e,s,u,l,t,.,m,a,x,s,a,l,a,r,y
d,e,p,a,r,t,m,e,n,t,=,',c,s
i,n,n,e,r,_,t,a,b,l,e,.,p,r,o,d,1
t,1,.,b,r,a,n,d,n,a,m,e
p,c,c
t,b,4,.,c,u,s,t,o,m,e,r,i,d
t,e,m,p,.,t,o,t,c,r,e,d,i,t,s
e,c,e,m,a,j,o,r,s,.,f,i,r,s,t,n,a,m,e
s,.,m,i,n,a,n,n,u,a,l,s,a,l,a,r,y
c,r,e,d,i,t,t,a,b,l,e,.,f,i,r,s,t,n,a,m,e
c,a,o,.,s,h,a,b,i
e,m,p,l,o,y,e,e,_,c,o,u,n,t
m,i,n,p,u,r,.,m,i,n,p,r,i,c,e
s,t,.,l,a,s,t,n,a,m,e
m,i,n,t
n,e,t,i,d,=,s,1,.,n,e,t,i,d
p,c,1
c,u,s,t,1,.,p,h,o,n,e,n,u,m,b,e,r
c,u,r,r,e,n,t,.,b,r,a,n,d,n,a,m,e
w
c,o,u,n,t,s,",",0
c,2,.,c,r,n
s,u,b,.,t,o,t,a,l
t,a,b,l,e,2,.,c,i,d
e,2,.,s,a,l,a,r,y,*,e,2,.,c,o,m,i,s,s,i,o,n
a,l,i,a,s,.,l,a,s,t,n,a,m,e
p,c,.,c,u,s,t,o,m,e,r,i,d
r,e,s,u,l,t,.,s,a,l,a,r,y
c,x,.,l,a,s,t,n,a,m,e
c,r,.,c,r,n
e,.,p,r,o,d,u,c,t,i,d
b,o,u,g,h,t
p,_,m,i,n,.,p,r,o,d,u,c,t,i,d
p,r,o,d,2,.,p,r,o,d,u,c,t,n,a,m,e
b,n
t,o,t,a,l,.,t,o,t,a,l,c,r,e,d,i,t,s
t,.,i,d
p,r,i,c,e,_,t,a,b,l,e
c,r,e,d,i,t,t,a,b,l,e,.,t,o,t,c,r,e,d,i,t,s
b,t,.,n,e,t,i,d
c,u,s,t,o,m,e,r,r,e,c,e,i,p,t
c,n,t,.,c,u,s,t,o,m,e,r,i,d
m,i,n,p,.,p,r,i,c,e
l,.,l,a,s,t,n,a,m,e
x,.,b,r,a,n,d,n,a,m,e
c,o,m,m,i,s,i,o,n
p,r,o,d,u,c,t,m,a,i,n,i,d
o,l,d,_,t,a,b,l,e,.,s,u,m
p,r,o,d,u,c,t,s,b,e,f,o,r,e
e,.,d,e,p,t,i,d,=,d,.,d,e,p,t,i,d
t,.,p,r,o,d,u,c,t,n,a,m,e
t,h,e,c,o,u,n,t,e,r
o,p
c,o,u,.,d,e,p,a,r,t,m,e,n,t
*,/
l,i,m,i,t
n,e,w,.,p,r,o,d,u,c,t,i,d
t,e,m,p,.,s,c
p,u,r,c,h,a,s,e,a,m,o,u,n,t,m,a,p,p,i,n,g,.,p,u,r,c,h,a,s,e,a,m,o,u,n,t
c,t,r,.,c,u,s,t,o,m,e,r,i,d
q,.,y,e,a,r,r,e,l,e,a,s,e,d
b,.,m,i,n,p,r,i,c,e
c,p
i,t,e,m
p,s
s,a,l,a,r,y,_,a,f,t,e,r,_,c,o,m,m,i,s,i,o,n
c,u,s,t,o,m,e,r,s,.,p,h,o,n,e,n,u,m,b,e,r,=
c,o,u,r,.,d,e,p,a,r,t,m,e,n,t
e,n,r,o,l,l,m,e,n,t,s,.,s,c
e,_,d,e,p,t,.,d,e,p,a,r,t,m,e,n,t
n,e,w,.,b,r,a,n,d,n,a,m,e
d,.,f,i,r,s,t,n,a,m,e
l,i,s,t,1
h,o,u,r,s,.,n,e,t,i,d
v,.,n,e,t,i,d
s,e,.,c,r,n
t,.,c,n,t
b,b,b
m,i,n,t,.,m,i,n,p,r,i,c,e
t,1,.,c,u,s,t,o,m,e,r,i,d
o,t,h,e,r
n,.,y,e,a,r,r,e,l,e,a,s,e,d
c,l,a,u,s,e
b,u,t
p,c,2
i,d,=
c,o,u,n,t,n,u,m
o,p,.,p,r,o,d,u,c,t,i,d
n,u,l,l
i,c,.,d,e,p,a,r,t,m,e,n,t
p,c,2,.,p,r,i,c,e
c,x
m,i,n,_,i,d
t,e,m,p,.,c
c,x,.,c,u,s,t,o,m,e,r,i,d
e,1,.,a,n,n,u,a,l,s,a,l,a,r,y
p,r,o,d,2,.,b,r,a,n,d,n,a,m,e,=,',a,p,p,l,e
a,.,s,d
p,r,o,c,e,s,s,e,d
s,a,l,.,g,r,a,d,e,=,1,5
p,2,n,a,m,e
p,u,r,c,h,a,s,e,s,.,c,u,s,t,o,m,e,r,i,d,=,c,u,s,t,o,m,e,r,s,.,c,u,s,t,o,m,e,r,i,d
c,.,a,d,d,r
g,r,a,d,e,_,1,3,.,m,i,n,s,a,l,a,r,y
s,h,a,b,i
m,a,n,a,g,e,r,s,a,l,a,r,y
c,3,.,f,i,r,s,t,n,a,m,e
s,u,p,p,o,r,t,'
s,u,b,q,.,p,r,o,d,u,c,t,n,a,m,e
t,.,t,o,t,a,l
',e,s,p,r,e,s,s,o
p,r,2,.,c,u,s,t,o,m,e,r,i,d
n,u,m,b,e,r,s,.,f,r,e,q
p,u,r,c,h,a,s,e,s,3,.,p,r,o,d,u,c,t,i,d
b,e,l,o,w
c,r,e,d,i,t,s,u,m
a,.,p,r,i,c,e,=
t,b,3
r,3,.,p,r,o,d,u,c,t,i,d
e,m,p,l,o,y,e,e,.,m,a,n,a,g,e,r,i,d
7,0,0,0,0
p,r,e,.,p,r,o,d,u,c,t,n,a,m,e
b,r,a,n,d,n,a,m,e,=,',s,a,m,s,u,n,g
m,y,_,s,u,m
s,a,m,s,u,n,g,b,u,y,e,r,s,.,f,i,r,s,t,n,a,m,e
h,2
p,6,.,p,r,o,d,u,c,t,n,a,m,e
m,i,d,x,.,m,i,n,p
n,a,m,e,w,i,t,h,c,o,u,n,t
=,s,.,m,i,n,s,a,l,a,r,y
p,o,.,p,r,o,d,u,c,t,i,d
s,.,m,a,x,a,n,n,u,a,l,s,a,l,a,r,y
c,.,d,e,p,a,r,t,m,e,n,t,=
p,r,e
s,a,m,s,u,n,g,b,u,y,e,r,s
a,f,t,e,r
a,l,i,a,s,.,t,o,t,a,l
a,v,g,_,s,a,l,s,.,m,a,n,a,g,e,r,i,d
b,.,s,a,l,a,r,y,*,b,.,c,o,m,i,s,s,i,o,n
t,1,.,e,m,p,i,d
p,l,u,s
p,o
c,s,1,.,p,h,o,n,e,n,u,m,b,e,r
s,t,u,d,.,d,e,p,a,r,t,m,e,n,t
=,',c,s
h,.,c,u,s,t,o,m,e,r,i,d
p,r,o,d,u,c,t,s,.,b,r,a,n,d,n,a,m,e,=,',s,a,m,s,u,n,g
p,g
t,.,s,u
c,u,r,r,.,y,e,a,r,r,e,l,e,a,s,e,d
d,1,.,f,i,r,s,t,n,a,m,e
p,u,r,c,h,a,s,e,s,3,.,p,r,i,c,e
a,.,e,m,p,n,a,m,e
c,.,p,r,i,c,e
q,.,i,d
t,.,c,r,e,d,i,t,s,u,m
m,o,n,t,l,y,s,a,l
e,c,e,s,t,u,n,e,t,i,d,.,n,e,t,i,d
h,e,l,p,1
p,1,.,c,u,s,t,o,m,e,r,i,d,=,c,.,c,u,s,t,o,m,e,r,i,d
m,.,s,a,l,a,r,y,*,m,.,c,o,m,i,s,s,i,o,n
o,r,i,p,.,y,e,a,r,r,e,l,e,a,s,e,d
t,e,m,p,.,s,u,m,c,r,e,d,i,t,s
b,i,g,s,u,b
m,.,b,r,a,n,d,n,a,m,e
h,u,g,e,_,t,a,b,l,e,.,l,a,s,t,n,a,m,e
t,e,m,p,2,.,n,e,t,i,d
t,b,3,.,c,u,s,t,o,m,e,r,i,d
p,r,2,.,y,e,a,r,r,e,l,e,a,s,e,d
p,c,1,.,p,u,r,c,h,a,s,e,i,d
b,r,a,n,d,s,.,b,r,a,n,d,n,a,m,e
p,b
c,2,.,d,e,p,a,r,t,m,e,n,t,=,',c,s,'
e,c,e,.,f,i,r,s,t,n,a,m,e
x,.,p
p,r,o,d,u,c,t,i,n,f,o
a,.,c,r,e,d,s
p,1,n,a,m,e
s,c,.,c,u,s,t,o,m,e,r,i,d
+,1
m,t,.,p,r,o,d,u,c,t,i,d
t,b,.,t,e,m,p,_,s,u,m
e,c,e,s,t,u,d
x,.,m
p,d,2,.,b,r,a,n,d,n,a,m,e
s,a,l,.,m,i,n,s,a,l,a,r,y
p,0,.,c,u,s,t,o,m,e,r,i,d
s,2,.,n,e,t,i,d,=,e,2,.,n,e,t,i,d
g,.,n,a,m,e
i,n,f,o
c,d
+
s,c,.,p,r,o,d,u,c,t,n,a,m,e
p,6,.,c,t,s
1,0,0,0,0,*,1,2
a,.,s,u,m,_,c,r,e,d,i,t,s
c,l,a,s,s,d,e,p,t
c,l,a,s,s,e,s,.,d,e,p,a,r,t,m,e,n,t
c,.,d,e,p,a,r,t,m,e,n,t,=,',c,s
s,a,m,s,u,n,g,.,p,r,o,d,u,c,t,n,a,m,e
p,r,o,d,u,c,t,s,_,a,n,d,_,c,u,s,t,o,m,e,r,s
p,r,o,d,u,c,t,s,*,/
c,u,s,t,o,m,e,r,.,n,a,m,e
i,c
c,u,r,r,_,p,r,o,d
a,.,p,r,i,c,e
p,_,m,i,n,.,p,r,i,c,e
t,c,r,e,d,i,t,s
p,u,r,c,h,a,s,e,c,o,u,n,t,.,n,u,m,p,u,r,c,h,a,s,e,s
t,m,p,.,p,r,o,d,u,c,t,i,d
s,t,u,d,e,n,t,s,.,d,e,p,a,r,t,m,e,n,t,=,',e,c,e,'
p,r,o,d,u,c,t,c,o,u,n,t
n,u,m,c,r,e,d,i,t,s
/,1,2
s,t,u,d,e,n,t,s,.,d,e,p,a,r,t,m,e,n,t,=,',e,c,e
e,m,p,.,c,o,m,i,s,s,i,o,n
s,t,o,t,c,.,t,c
d,.,d,e,p,t,n,a,m,e,=,',s,a,l,e,s
p,6
d,1,.,d,e,p,t,i,d
a,.,c,r,e,d,i,t,s
n,e,w,t,a,b,l,e
s,t,.,c,t,s
d,.,d,e,p,t,l,o,c,a,t,i,o,n,=
p,u,r,c,h,.,p,r,o,d,u,c,t,i,d
p,u,r,c,1
p,u,r,c,h,a,s,e,d
p,o,.,p,r,o,d,u,c,t,n,a,m,e
p,i,.,c,u,s,t,o,m,e,r,i,d
p,2,.,b,r,a,n,d,n,a,m,e,=,p,1,.,b,r,a,n,d,n,a,m,e
y,r
t,c
s,2,.,d,e,p,a,r,t,m,e,n,t,=,',e,c,e
s,t,r,a,n,g,e
e,2,.,d,e,p,t,i,d
m,i,n,a,n,n,u,a,l,s,a,l,a,r,y
t,o,t,a,l,_,c,r,e,d,i,t
c,2,.,f,i,r,s,t,n,a,m,e
s,a,m,s,u,n,g,b,u,y,e,r,s,.,p,u,r,c,h,a,s,e,i,d
p,.,p,r,o,d,u,c,t,i,d,=,p,u,r,.,p,r,o,d,u,c,t,i,d
h,.,d,e,p,a,r,t,m,e,n,t,=
m,i,n,t,.,p,r,o,d,u,c,t,i,d
c,t,.,f,i,r,s,t,n,a,m,e
p,u,r,c,h,_,2
s,u,b,q
c,_,d,e,p,a,r,t,m,e,n,t
p,u,1,.,c,u,s,t,o,m,e,r,i,d
9,4,0,0,0
d,.,d,e,p,t,l,o,c,a,t,i,o,n,=,',d,u,b,a,i
x,.,c
c,o,u,r,s,e,s,*,/
r,.,c,a,r,t,s,i,z,e
n,o,w,.,b,r,a,n,d,n,a,m,e
s,a,m,s,u,n,g,c,u,s,t,o,m,e,r,s
i,.,y,e,a,r,r,e,l,e,a,s,e,d
s,g,1
c,.
=,1,3
p,1,.,t,i,m,e
p,.,p,r,o,d,u,c,t,i,d,=,p,s,.,p,r,o,d,u,c,t,i,d
p,1,i,d
m,i,d,x
p,r,o,d,2,.,b,r,a,n,d,n,a,m,e,=,',g,o,o,g,l,e,'
o,l,d
t,m,p,1
m,t
a,v,g,_,s,a,l,a,r,y
o,r,i,p
e,m
s,t,.,n,e,t,i,d
d,e,.,d,e,p,t,l,o,c,a,t,i,o,n
s,e,e
t,e,m,p,.,n,e,t
o,l,d,_,t,a,b,l,e
t,.,s,m
p,2,.,b,r,a,n,d,n,a,m,e,=,',g,o,o,g,l,e
g,g,.,h,e,l,p,1
c,c,.,d,e,p,a,r,t,m,e,n,t
g,.,p,r,o,d,u,c,t,i,d
/,*,f,r,o,m
t,a,b,l,e
m,i,n,s,.,c,u,s,t,o,m,e,r,i,d
e,m,p,c,o,u,n,t,e,r
=,s,a,l,.,m,i,n,s,a,l,a,r,y
q,.,p,r,o,d,u,c,t,i,d
c,n,t,.,c,o,u,n,t,1
m,i,n,_,t,a,b,l,e,.,m,i,n,_,i,d
p,u,r,2,.,p,r,i,c,e
',s,t,u,d,e,n,t
c,u,r,.,p,r,o,d,u,c,t,n,a,m,e
m,i,n,p,r,i,c,e,.,p,r,i,c,e
p,c,1,.,c,u,s,t,o,m,e,r,i,d
t,e,m,p,.,p,r,e
j,o,i,n,e,d,.,n,e,t,i,d
c,a,.,l,a,s,t,n,a,m,e
c,3
p,r,o,d,u,c,t,i,d,=,p,r,o,d,u,c,t,s,.,p,r,o,d,u,c,t,i,d
t,.,c,r,r,n
m,y,_,t,e,m,p
t,.,l,n
p,t,2
n,e,t,i,d,=,s,t,u,d,e,n,t,s,.,n,e,t,i,d
p,u,r,c,h,a,s,e,s,.,p,r,o,d,u,c,t,i,d,=,p,r,o,d,u,c,t,s,.,p,r,o,d,u,c,t,i,d
d,.,s,a,l,a,r,y
s,o,m,e,w,h,e,r,e
n,u,m,p,u,r,c,h,a,s,e,s,.,n,u,m
h,a,s
p,u,r,c,h,a,s,e,c,o,u,n,t
c,u,s,t,1,.,f,i,r,s,t,n,a,m,e
p,u,r,r,.,c,u,s,t,o,m,e,r,i,d
e,m,p,l,o,y,e,e,s
e,n,r,2
p,c,4
v,i,s,i,t,e,d
o,l,d,e,r,p,r,o,d,u,c,t,s
t,b,1,.,p,r,o,d,u,c,t,n,a,m,e
s,t,.,d
s,a,m,s,u,n
/,*,w,h,o
w,a,n,t
t,.,f,n
e,e,.,j,o,b,t,i,t,l,e
l,o,l
p,r,o,d,c,o,u,n,t,s
c,r,e,d,i,t,s,s,u,m
a,w,k,2,.,p,r,o,d,u,c,t,n,a,m,e
c,o,n,d,i,t,i,o,n,a,l,p,r,o,d,u,c,t,t,a,l,l,y,.,p,r,o,d,u,c,t,i,d
s,u,b,.,c,r,e,d
p,4
p,t,2,.,b,r,a,n,d,n,a,m,e
b,1
p,s,.,b,r,a,n,d,n,a,m,e
d,.,p,p,r,i,c,e
e,1,.,m,a,n,a,g,e,r,i,d
h,e,l,p
a,w,k,2,.,y,e,a,r,r,e,l,e,a,s,e,d
=,s,.,d,e,p,a,r,t,m,e,n,t
s,s,.,f,i,r,s,t,n,a,m,e
p,.,p,r,i,c,e,=
n,u,m,_,e,m,p,l,o,y,e,e,s
h,.,p,r,o,d,u,c,t,i,d
n,e,w,t,a,b,l,e,.,p,r,o,d,u,c,t,c,o,u,n,t
t,b,4
n,u,m,p,u,r,c,h,a,s,e,s,b,y,c,u,s,t,o,m,e,r,.,n,u,m
w,i,l,l
t,h,e,c,o,u,n,t
n,.,b,r,a,n,d,n,a,m,e
p,n
m,.,p,r,o,d,u,c,t,i,d
p,t,a,b,l,e
b,.,c,c
m,i,n,e,.,n,e,t,i,d
s,e,.,d,e,p,a,r,t,m,e,n,t
o,u,t,p,u,t,.,f,i,r,s,t,n,a,m,e
p,a
a,p
m,a,n,a,g,e,r,.,s,a,l,a,r,y
t,o,t,a,l,c
s,.,n,e,t,i,d,=,n,e,t,i,d
m,i,d,x,.,p,r,o,d,u,c,t,i,d
s,.,p,r,i,c,e
p,7,.,p,r,o,d,u,c,t,n,a,m,e
e,c,e,s,t,u,e,n,r,o,l,l
h,u,g,e,_,t,a,b,l,e,.,f,i,r,s,t,n,a,m,e
t,1,.,n,e,t,i,d
s,s
e,e,.,s,a,l,a,r,y,/,1,2
x,.,n,e,t,i,d
g,.,g,r,a,d,e
e,2,.,n,e,t,i,d
p,4,.,p,r,o,d,u,c,t,i,d
p,b,.,p,r,o,d,u,c,t,i,d
d,1,.,d,e,p,t,l,o,c,a,t,i,o,n
a,.,p,r,o,d,u,c,t,i,d,=,k,.,p,r,o,d,u,c,t,i,d
p,2,.,p,r,o,d,u,c,t,i,d,=,p,1,.,p,r,o,d,u,c,t,i,d
z,z,z
d,.,n,e,t,i,d
s,t,u,d,e,n,t,_,t,a,k,i,n,g,_,c,s,_,c,l,a,s,s
e,s,t,u,d,e,n,t,s
d,.
d,i,f,f
a,w,k,1
c,u,s,t,1,.,c,u,s,t,o,m,e,r,i,d
s,a,m,s,u,n,g,.,c,u,s,t,o,m,e,r,i,d
t,2,.,m,a,n,a,g,e,r,i,d
s,o
p,.,p,r,i,c,e,=,m,i,n,_,t,a,b,l,e,.,m,i,n,_,p,r,i,c,e
4,.
p,2,.,y,e,a,r,r,e,l,e,a,s,e,d,=,d,.,y,e,a,r,r,e,l,e,a,s,e,d
p,r,r,.,p,r,o,d,u,c,t,i,d
d,p,t
c,s,c,o,u,r,s,e,s
t,m,p,2,.,c,u,s,t,o,m,e,r,i,d
s,t,u,d,.,l,a,s,t,n,a,m,e
t,b,1,.,c,u,s,t,o,m,e,r,i,d
n,m,.,f,i,r,s,t,n,a,m,e
d,a,t,a,_,.,l,a,s,t,n,a,m,e
m,a,x,a,n,n,u,a,l,s,a,l,a,r,y
=,7,0,0,0
t,.,m,i,n,_,p,r,i,c,e
h,o,h,o,.,f,i,r,s,t,n,a,m,e
n,o,w,.,p,r,o,d,u,c,t,n,a,m,e
c,a,o,.,n,e,t,i,d
c,s,t,a,k,i,n,g,s,t,u,d,e,n,t,s
p,r,o,d,s,.,p,r,o,d,u,c,t,i,d
p,c,.,p,r,o,d,c,n,t
j,o,i,n,e,d,.,p,r,o,d,u,c,t,i,d
m,.,m,i,n,p,r,i,c,e
o,l,d,.,p,r,o,d,u,c,t,i,d
d,a,t,a,_
m,i,n,_,p,r,i,c,e,.,p,r,o,d,u,c,t,i,d
f,r,e,.,c,u,s,t,o,m,e,r,i,d
g,.,c,u,s,t,o,m,e,r,i,d,=,p,1,.,c,u,s,t,o,m,e,r,i,d
b,2,.,b,r,a,n,d,n,a,m,e
g,r,a,d,e,_,1,3
c,.,d,e,p,a,r,t,m,e,n,t,=,',c,s,'
c,o,u,r,s,e,s,.,d,e,p,a,r,t,m,e,n,t,=,',c,s
y,e,n
y,.,b,r,a,n,d,n,a,m,e
c,.,p,h,o,n,e
n,u,m,p,r,o,d,u,c,t,s
x,1
p,u,r,c,h,.,c,u,s,t,o,m,e,r,i,d
.,c,u,s,t,o,m,e,r,i,d
p,u,1,.,p,r,i,c,e
c,r,d
n,m,.,l,a,s,t,n,a,m,e
h,o,h,o,.,c,u,s,t,o,m,e,r,i,d
l,i,s,t
p,r,o,d,n,a,m,e
t,e,m,p,2,.,c,r,e,d,i,t,s
p,.,d,r,i,n,k
b,r,a,n,d,n,a,m,e,=,',g,o,o,g,l,e
',o,p,e,r,a,t,i,o,n,s
p,u,m
p,r,o,d,1,.,y,e,a,r,r,e,l,e,a,s,e,d
a,v,g,_,s,a,l,s,.,a,v,g,_,s,a,l,a,r,y
o,t,h,e,r,.,c,u,s,t,o,m,e,r,i,d
s,t,.,i,d
p,r,o,d,s
t,.,c,u,s,t,o,m,e,r,c,o,u,n,t
n,e,t
f,i,n,.,p,n,1
i,n,s,i,d,e
c,l,a,s,s,e,s,.,n,e,t,i,d
g,r,a,d,e,_,1,5,.,m,a,x,s,a,l,a,r,y
c,l,a,s,s,e,s
n,.,p,r,o,d,u,c,t,n,a,m,e
p,r,g,.,b,r,a,n,d,n,a,m,e
',m
c,o,u,r,s,e,_,d,e,p
y,.,b,r,a,n,d,n,a,m,e,=
3,.,3,9
n,e,w,t
b,.,d,e,p,t,i,d
h,o,h,o,.,n,u,m
p,c,3
e,c,e,s,t,u,n,e,t,i,d
t,2,.,b,r,a,n,d,n,a,m,e
g,.,m,i,n,s,a,l,a,r,y
t,.,d,e,p,a,r,t,m,e,n,t
e,m,p,.,s,a,l,a,r,y,*
p,r,o,d,u,c,t,s,.,b,r,a,n,d,n,a,m,e,=
a,l,s,o
t,m,p,.,d,e,p,a,r,t,m,e,n,t
p,p,p,.,p,r,i,c,e
1,0,0,0,0,0
c,c,.,c,r,n
_,p,c,o,u,n,t
s,u,b,.,c,u,s,t,o,m,e,r,i,d
e,.,p,r,i,c,e
o,u,t,p,u,t
x,.,p,r,o,d,u,c,t,n,a,m,e
s,a,l,.,g,r,a,d,e
p,r,e,.,b,r,a,n,d,n,a,m,e
a,.,p,t,a,b,l,e
p,o,.,b,r,a,n,d,n,a,m,e
t,m,p,1,.,p,r,o,d,u,c,t,n,a,m,e
t,h,e,r,e
m,y,_,t,e,m,p,.,n,a,m,e
c,1,.,c,u,s,t,o,m,e,r,i,d,=,p,1,.,c,u,s,t,o,m,e,r,i,d
c,u,s,t,i,d
b,.,l,a,s,t,n,a,m,e
l,o,w,c,.,c,u,s,t,o,m,e,r,i,d
t,e,m,p,.,b,r,a,n,d,n,a,m,e
e,3,.,m,a,n,a,g,e,r,i,d
t,2,.,y,e,a,r,r,e,l,e,a,s,e,d
n,e,t,i,d,_,c,o,u,r,s,e,d,e,p
d,.,p,r,i,c,e
b,e,n,c,h,m,a,r,k
p,r,.,p,r,i,c,e
o,l,d,.,p,r,o,d,u,c,t,n,a,m,e
s,t,u,d,e,n,t,_,t,a,k,i,n,g,_,c,s,_,c,l,a,s,s,.,n,e,t,i,d
t,b
',t,*
p,u,r,c,h,.,p,r,i,c,e
d,e,p,a,r,t,m,e,n,t,.,d,e,p,t,l,o,c,a,t,i,o,n,=
w,o,u,l,d
p,x,.,p,r,o,d,u,c,t,i,d
d,.,p,u,r,c,h,a,s,e,i,d
t,.,c,r,e,d,s
e,m,p,l,o,y,e,e,.,e,m,p,i,d
t,e,m,p,.,m,i,n,p
a,g,g,r,e,a,t,i,o,n
c,s,_,n,e,t,i,d,s
c,u,s,t,.,p,h,o,n,e,n,u,m,b,e,r
c,p,.,c,u,s,t,o,m,e,r,i,d
p,5
m,p,d,.,p,r,o,d,u,c,t,n,a,m,e
m,i,n,b,u,y,e,r,s,.,c,u,s,t,o,m,e,r,i,d
c,1,.,c,r,n
s,t,u,d,e,n,t,c,r,e,d,i,t,.,t,o,t,a,l,c,r,e,d,i,t
m,p,d,.,b,r,a,n,d,n,a,m,e
f,i,n,a,l,.,p,r,o,d,u,c,t,n,a,m,e
c,o,n,d,.,c,n,t
v,a,r,i,a,b,l,e
p,.,p,r,o,d,u,c,t,i,d,=,p,2,.,p,r,o,d,u,c,t,i,d
t,.,y,e,a,r,r,e,l,e,a,s,e,d
c,u,r,.,y,e,a,r,r,e,l,e,a,s,e,d
t,e,m,p,.,m,a,x,s,a,l,a,r,y
p,.,y,r
b,r,a,n,d,n,a,m,e,=,b,.,b,r,a,n,d,n,a,m,e
c,o,u,r,s,e,d,e,p
e,_,d,e,p,t,.,n,e,t,i,d
=,1,2
x,x,x,.,p,r,o,d,u,c,t,i,d
p,c,h,.,p,r,o,d,u,c,t,i,d
n,a,m,e,s
t,e,m,p,.,n,e,t,i,d,=,s,t,u,d,e,n,t,s,.,n,e,t,i,d
p,r,i,c,e,_,t,a,b,l,e,.,p,r,o,d,u,c,t,i,d
1,0,=,4
p,r,.,p,u,r,c,h,a,s,e,i,d
g,e,n,e,r,a,l
e,s,.,l,a,s,t,n,a,m,e
p,c,h,.,c,u,s,t,o,m,e,r,i,d
e,n,.,n,e,t,i,d
s,s,.,l,a,s,t,n,a,m,e
d,e,p,t,i,d,=,e,.,d,e,p,t,i,d
m,i,n,i,m,u,m
",",1
g,g
t,a,b,l,e,s
=,s,t,u,d,e,n,t,s,.,d,e,p,a,r,t,m,e,n,t
p,2,.,b,r,a,n,d,n,a,m,e,=,p,.,b,r,a,n,d,n,a,m,e
p,4,.,p,r,o,d,u,c,t,n,a,m,e
c,u,s,t,o,m,e,r,s,.,f,i,r,s,t,n,a,m,e,=
x,.,p,h,o,n,e,n,u,m,b,e,r
t,b,4,.,b,r,a,n,d,n,a,m,e
t,e,m,p,.,h,o,u,r,s
a,t
m,p,d,.,p,r,o,d,u,c,t,i,d
l,o,l,.,z
t,.,n,u,m
x,1,.,f,i,r,s,t,n,a,m,e
e,.,d,e,p,t,n,a,m,e
c,.,c,r,n,=,e,.,c,r,n
c,.,t,c,r,e,d,i,t,s
p,u,r,c,h,_,2,.,p,r,o,d,u,c,t,i,d
p,d,.,b,r,a,n,d,n,a,m,e
e,e,.,d,e,p,t,i,d
s,1,.,m,a,x,s,a,l,a,r,y
=,i,d
',h,a,r,r,y
a,g,b,u,y,e,r,s
b,p,r,o,d,u,c,t,i,d
c,u,s,t,o,m,e,r,c,o,u,n,t
e,.,c,r,e,d,i,t,s,u,m
b,.,e,m,p,i,d
s,1,.,d,e,p,a,r,t,m,e,n,t
p,6,.,b,r,a,n,d,n,a,m,e
m,i,n,_,p,r,i,c,e,.,p,r,i,c,e
p,u,r,c,h,a,s,e,a,m,o,u,n,t
c,r,e,d
c,h,e,a,p,e,s,t,.,p,r,o,d,u,c,t,i,d
p,d,1,.,b,r,a,n,d,n,a,m,e
a,.,s,u,m
t,e,m,p,.,c,r,e,d,i,t,s
s,u,b,_,q,u,.,l,o,w,e,s,t,_,p,r,i,c,e
u,s,e
f,i,n,d
b,r,a,n,d,n,a,m,e,=,c,u,r,r,e,n,t,.,b,r,a,n,d,n,a,m,e
c,u,s,1
c,s,c,o,u,r,s,e,s,.,c,r,n
7,0,0,0,/,1,2
c,s,t,a,k,i,n,g,s,t,u,d,e,n,t,s,.,n,e,t,i,d
c,1,.,c,u,s,t,o,m,e,r,i,d,=,p,u,r,c,1,.,c,u,s,t,o,m,e,r,i,d
e,.
p,5,.,b,p,r,o,d,u,c,t,i,d
d,e,p,t,f,r,e,q
d,e,p,a,r,t,m,e,n,t,=,',e,c,e
m,.,c,u,s,t,o,m,e,r,i,d
r,.,p,r,o,d,u,c,t,i,d
n,e,t,i,d,_,c,o,u,r,s,e,d,e,p,.,n,e,t,i,d
x,.,s,a,l,a,r,y
p,1,.,b,r,a,n,d,n,a,m,e,=,p,2,.,b,r,a,n,d,n,a,m,e
x,.,p,r,o,d,u,c,t,i,d,=,y,.,p,r,o,d,u,c,t,i,d
t,1,.,f,i,r,s,t,n,a,m,e
t,2,.,p,r,o,d,u,c,t,i,d
t,e,m,p,.,n,a,m,e
t,.,b,r,a,n,d,n,a,m,e
t,e,m,p,.,t,o,t,a,l
a,.,t,o,t,a,l,_,n,u,m,b,e,r
p,d,d
m,i,n,p,u,r,.,p,r,o,d,u,c,t,i,d
p,r,o,.,y,e,a,r,r,e,l,e,a,s,e,d
e,1,.,h,i,r,e,d,a,t,e
s,g,1,.,g,r,a,d,e
p,r,o,.,b,r,a,n,d,n,a,m,e,=
b,i,g,s,u,b,.,c,t,t
m,p,r
s,e,.,f,i,r,s,t,n,a,m,e
e,m,p,.,d,e,p,a,r,t,m,e,n,t,i,d
x,.,y,e,a,r,r,e,l,e,a,s,e,d
p,1,2
',a,n,d
c,4,.,c,u,s,t,o,m,e,r,i,d
b,t,.,l,a,s,t,n,a,m,e
s,2
e,3
p,.,b,r,a,n,d,n,a,m,e,=,r,.,b,r,a,n,d,n,a,m,e
j,o,b,t,i,t,l,e,=
s,t,u,d,e,n,t,w,o,r,k,l,o,a,d,s
t,o,t,a,l,s,.,c,u,s,t,o,m,e,r,i,d,=,c,.,c,u,s,t,o,m,e,r,i,d
s,.,c,a,f,e
m,.,l,a,s,t,n,a,m,e
c,s,1
m,.,f,i,r,s,t,n,a,m,e
d,a,t,a,_,.,f,i,r,s,t,n,a,m,e
s,t,a,r,t,s
e,s
c,o,u,2
n,a,m,e,w,i,t,h,c,o,u,n,t,.,t,h,e,c,o,u,n,t,e,r
p,s,.,c,u,s,t,o,m,e,r,i,d
d,3,.,p,r,o,d,u,c,t,i,d
g,r,a,d,e,_,1,3,.,m,a,x,s,a,l,a,r,y
1,",",2,",",3
c,.,y,e,a,r,r,e,l,e,a,s,e,d
x,.,f,i,r,s,t,n,a,m,e
t,b,1
r,p,.,p,u,r,c,h,a,s,e,i,d
p,h,o,n,e
s,u,b,s,t,r
_,c,o,u,n,t
p,c,.,c,n,t
s,t,u,d,e,n,t,c,r,e,d,i,t
p,u,.,p,u,r,c,h,a,s,e,i,d
m,i,n,s,.,p,r,o,d,u,c,t,i,d
e,c,e,s,t,u,d,e,n,t,s
a,w,k,1,.,b,r,a,n,d,n,a,m,e
p,r,i,o,r,.,p,r,o,d,u,c,t,i,d
p,u,r,c,h,_,2,.,c,u,s,t,o,m,e,r,i,d
e,1,.,n,e,t,i,d
t,1,.,d,e,p,a,r,t,m,e,n,t
t,o,t,a,l,c,r,e,d,i,t,s,.,t,o,t,a,l
d,.,d,e,p,a,r,t,m,e,n,t
=,m,a,x,s,a,l,a,r,y
s,u,b,1
p,r,i
p,1,.,p,r,o,d,u,c,t,i,d,=,p,2,.,p,r,o,d,u,c,t,i,d
h,o,u,r,s,.,c,r,e
m,o,n,t,h,l,y
b,t,.,c,u,s,t,o,m,e,r,i,d
m,p,d
l,o,w,e,r
e,n,d,s
f,i,n,a,l,.,p,c,n,t
t,o,t,a,l,s,.,t,o,t,a,l,p,u,r,c,h,a,s,e,s
i,p,.,p,r,i,c,e
n,o,w
m,.,y,e,a,r,r,e,l,e,a,s,e,d
h,u,g,e,_,t,a,b,l,e
m,a,n,a,g,e,r,'
b,1,.,b,r,a,n,d,n,a,m,e
o,l,d,.,b,r,a,n,d,n,a,m,e
c,u,s,1,.,c,u,s,t,o,m,e,r,i,d
j,o,i,n,e,d,.,p,r,o,d,u,c,t,n,a,m,e
r,e,s,.,n,u,m,b,e,r
i,p
p,e,r
s,e
e,3,.,s,a,l,a,r,y
s,u,b,_,q,u
c,n
p,r,o,_,n,a,m,e
t,h,r,i,f,t,y,c,u,s,t,o,m,e,r,s
n,u,m,b,e,r,s,.,p,r,o,d,u,c,t,n,a,m,e
z
p,r,o,.,b,r,a,n,d,n,a,m,e,=,',g,o,o,g,l,e
p,u,r,c,h,a,s,e,s,2,.,p,r,o,d,u,c,t,i,d
a,n,n,u,a,l,s,a,l,a,r,y,/,1,2
p,.,c,n,t
g,.,p,2,i,d
c,r
w,o,r,k
c,a,n
r,3
l,o,w,c
c,a,r,t,s,i,z,e
p,p,.,c,u,s,t,o,m,e,r,i,d
q,.,b,r,a,n,d,n,a,m,e
a,.,m,i,n,p
e,m,.,s,a,l,a,r,y
p,r,o,d,.,b,r,a,n,d,n,a,m,e,=,',s,a,m,s,u,n,g,'
r,e,a,l,c,o,u,n,t,s,.,p,r,o,d,u,c,t,i,d
p,2,.,b,r,a,n,d,n,a,m,e,=
u,s,i,n,g
p,1,1
n,u,m,b,o,u,g,h,t
p,r,*,/
t,o,t,a,l,c,r,e,d,s
a,.,t
p,.,p,r,i,c,e,=,m
c,a,f,e,.,n,a,m,e,=,f,r,e,q,u,e,n,t,s,.,c,a,f,e
p,u,m,.,p,r,i,c,e
e,c,.,d,e,p,a,r,t,m,e,n,t
n,u,m,p,r,o,d,s
c,s,1,.,f,i,r,s,t,n,a,m,e
p,o,o,r,p,e,o,p,l,e
n,a,m,e,w,i,t,h,c,o,u,n,t,.,c,u,s,t,o,m,e,r,i,d
x,2
d,e,p,s,o,f,s,t,u,d,e,n,t,s,.,d,e,p,a,r,t,m,e,n,t
b,e,c,a,u,s,e
p,u,r,c,h,a,s,e,_,t,a,b,l,e
w,h,y
o
l,o,w,e,s,t,p,r,i,c,e,s,.,l,o,w,e,s,t,p,r,i,c,e
',s,s,1,2,3,4,',",",1
e,.,j,o,b,t,i,t,l,e,=,',s,a,l,e,s
a,w,k,1,.,y,e,a,r,r,e,l,e,a,s,e,d
p,u,2,.,p,r,i,c,e
t,e,m,p,.,n,u,m
e,.,x
t,.,s,u,m,c,r,e,d,i,t,s
a,.,c,d
d,e,p,s,o,f,s,t,u,d,e,n,t,s,.,n,e,t,i,d
p,2,.,m,i,n
i,.,e
p,p,p,.,p,r,o,d,u,c,t,n,a,m,e
p,.,b,r,a,n,d,n,a,m,e,=,b,.,b,r,a,n,d,n,a,m,e
p,p,p,.,b,r,a,n,d,n,a,m,e
i,.,b,r,a,n,d,n,a,m,e
d,.,p,h,o,n,e,n,u,m,b,e,r
s,s,.,d,e,p,a,r,t,m,e,n,t
p,o,o,r,p,e,o,p,l,e,.,c,u,s,t,o,m,e,r,i,d
p,r,o,d,u,c,t,s,.,b,r,a,n,d,n,a,m,e,=,',g,o,o,g,l,e
c,a,f,e,.,n,a,m,e
d,r,i,n,k,s
a,n,y,t,h,i,n,g
m,o,r,e
e,.,c,u,s,t,o,m,e,r,i,d
a,t,t,e,m,p,t
1,0,=,0
n,u,m,b,e,r,s
f,i,n,a,l,.,c,i,d
e,1,.,a,n,n,u,a,l,s,a,l,a,r,y,/,1,2
c,r,e,d,i,t,t,a,b,l,e
c,3,.,l,a,s,t,n,a,m,e
s,1,.,g,r,a,d,e
d,e,p,.,d,e,p,t,l,o,c,a,t,i,o,n
c,u,r,r,.,p,r,o,d,u,c,t,n,a,m,e
c,x,.,f,i,r,s,t,n,a,m,e
e,n,2
f,i,n,t,a,b,l,e,.,c,u,s,t,o,m,e,r,i,d
c,c,.,d,e,p,a,r,t,m,e,n,t,=,',c,s
s,t,r,a,n,g,e,.,c,u,s,t,o,m,e,r,i,d
p,2,.,m,i,n,p
p,c,h
p,u,r,.,p,r,o,d,u,c,t,i,d,=,p,r,o,.,p,r,o,d,u,c,t,i,d
b,.,p,r,i,c,e
d,e,p,.,d,e,p,t,i,d
r,e,.,c,u,s,t,o,m,e,r,i,d
c,3,.,c,u,s,t,o,m,e,r,i,d
y,e,a,r,r,e,l,e,a,s,e
l,o,w,e,s,t,p,r,i,c,e,s
c,o,u,n,t,1
p,r,e,v,p,r,o,d
t,a,b,l,e,_,n,a,m,e
c,t,r,.,c,t
m,o,n,t,h,l,y,_,s,a,l,a,r,y
p,u,r,c,h,a,s,e,s,2
a,w,k,2,.,b,r,a,n,d,n,a,m,e
b,.,c,o,m,i,s,s,i,o,n
a,n,s,.,p,r,o,d,u,c,t,n,a,m,e
a,p,.,p,r,o,d,u,c,t,i,d
p,r,e,.,y,e,a,r,r,e,l,e,a,s,e,d
',c,a,p,p,u,c,c,i,n,o,'
s,.,f,i,r,s,t,n,a,m,e,",",1
s,u,b,.,n,e,t,i,d
t,e,m,p,1,.,c,r,n
p,c,2,.,c,u,s,t,o,m,e,r,i,d
t,e,m,p,.,i,d
p,u,m,.,p,r,o,d,u,c,t,i,d,=,p,u,.,p,r,o,d,u,c,t,i,d
c,o,u,r,.,c,r,n
e,n,r,o,l,l,i,n,f,o
g,.,p,r,i,c,e
t,1,.,l,a,s,t,n,a,m,e
h,2,.,c,u,s,t,o,m,e,r,i,d
p,r,d,1
t,e,m,p,.,p,u,r,c,h,a,s,e,i,d
f,i,n,t,a,b,l,e
m,i,n,p,r,o
p,r,o,d,u,c,t,s,b,e,f,o,r,e,.,y,e,a,r,r,e,l,e,a,s,e,d
c,t,r
m,a,t,h,e,s
t,h,o,s,e
s,e,c,o,n,d
c,o,n,d,.,p,i,d
e,i,.,c,r,n
d,.,y,e,a,r,r,e,l,e,a,s,e,d
o,l,d,.,b,r,a,n,d,n,a,m,e,=,n,e,w,.,b,r,a,n,d,n,a,m,e
n,e,w,_,t,a,b,l,e,.,p,r,o,d,u,c,t,n,a,m,e
c,a,.,c,u,s,t,o,m,e,r,i,d
t,e,m,p,_,s,u,m
e,n,r,2,.,n,e,t,i,d
g,r,a,b,s
t,.,p,u,r,c,h,a,s,e,i,d
b,r,a,n,d,n,a,m,e,=,',a,p,p,l,e,',o,r
b,t,.,c,r,e,d,i,t,s
a,l,i,a,s,.,f,i,r,s,t,n,a,m,e
l,o,w,e,s,t,_,p,r,i,c,e,.,p,r,i,c,e
y,.,p,r,o,d,u,c,t,i,d
c,o,u,r,s,e,_,d,e,p,t
e,1,.,d,e,p,t,i,d
a,.,t,o,t,a,l
s,m
n,e,t,i,d,s
p,b,.,c,u,s,t,o,m,e,r,i,d
a,b,o,v,e
f,.,p,u,r,c,h,a,s,e,i,d
p,p,1
p,p,p,.,p,r,o,d,u,c,t,i,d
l,.,d,r,i,n,k
c,.,e,m,p,i,d
e,e,.,c,r,n,=,c,c,.,c,r,n
p,2,.,p,r,i,c,e,=,m,i,n,_,p,r,i,c,e
e,2,.,c,r,n
v,.,f,i,r,s,t,n,a,m,e
c,u,.,p,h,o,n,e,n,u,m,b,e,r
t,a,b,l,e,2,.,p,r,o,_,n,a,m,e
p,1,2,.,b,r,a,n,d,n,a,m,e
c,o,u,n,t,c,u,s,t,o,m,e,r,s
e,n,r,o,l,l,m,e,n,t,s,.,n,e,t,i,d,=,s,t,u,d,e,n,t,s,.,n,e,t,i,d
f,.,l,p
w,e
p,u,r,c,h,a,s,e,s,2,.,p,r,i,c,e
p,2,p,r,e,v,i,o,u,s,_,p,r,o,d,u,c,t,s
h,u,g,e,_,t,a,b,l,e,.,c,_,d,e,p,a,r,t,m,e,n,t
t,a,b,l,e,1
q,u,e,r,y
t,e,m,p,1,.,n,e,t,i,d
b,2
t,e,m,p,3
p,5,.,p,r,o,d,u,c,t,i,d
c,a,f,e,=
p,u,r,3,.,p,r,o,d,u,c,t,i,d
s,a,l,a,r,y,*
b,l,a,h
w,e,r,e
s,.,n,e,t,i,d,=,h,r,.,n,e,t,i,d
s,t,.,c,u,s,t,o,m,e,r,i,d
=,1,0,0,0,0
o,r,d,e,r,e,d,_,t,a,b,l,e
e,g,.,n,e,t,i,d
p,2,.,p,u,r,c,h,a,s,e,i,d
c,a,o
e,c,e,.,c,r,n
?
r,.,c,u,s,t,o,m,e,r,i,d
a,1
o,r,i,p,.,b,r,a,n,d,n,a,m,e
a,n,o,t,h,e,r
p,s,.,p,r,o,d,u,c,t,i,d
p,.,p,r,o,d,u,c,t,i,d,=,p,r,o,d,u,c,t,i,d
e,m,p,.,d,e,p,t,i,d,=,d,e,p,t,.,d,e,p,t,i,d
p,u,r,c,1,.,p,r,o,d,u,c,t,i,d,=,p,r,o,d,1,.,p,r,o,d,u,c,t,i,d
f,i,n,a,l
p,u,r,c,h,a,s,e,a,m,o,u,n,t,m,a,p,p,i,n,g,.,c,u,s,t,o,m,e,r,i,d
m,p,r,.,p,r,o,d,u,c,t,i,d
a,b
m,t,.,m,i,n,p,r,i,c,e
t,o,t,a,l,s
p,h,o,n,e,n,u,m,b,e,r,=
m,e,r,g,e,.,d,e,p,t
p,r,o,d,u,c,t,s,.,p,r,o,d,u,c,t,i,d,=,p,u,r,c,h,a,s,e,s,.,p,r,o,d,u,c,t,i,d
',l,a,t,t,e
b,c
l,o,l,.,c,u,s,t,o,m,e,r,i,d
a,v,g,_,s,a,l,s
t,.,d,p,t
p,2,.,p,r,o,d,u,c,t,i,d,=,p,.,p,r,o,d,u,c,t,i,d
p,d,d,.,b,r,a,n,d,n,a,m,e
e,2,.,e,m,p,n,a,m,e
p,d,2,.,p,r,o,d,u,c,t,i,d
c,u,s,.,l,a,s,t,n,a,m,e
g,e,t
v,.,d,e,p,a,r,t,m,e,n,t
4,.,0,'
g,r,a,d,e,_,1,5,.,m,i,n,s,a,l,a,r,y
c,u,r,.,b,r,a,n,d,n,a,m,e
n,u,m,p,u,r,c,h,a,s,e,s,b,y,c,u,s,t,o,m,e,r
c,c,.,f,i,r,s,t,n,a,m,e
:
/,*
e,.,t,o,t,a,l,c,r,e,d,i,t,s
e,c,e,s,t,u,e,n,r,o,l,l,.,c,r,n
o,.,f,i,r,s,t,n,a,m,e
c,u,s,1,.,f,i,r,s,t,n,a,m,e
c,u,s,.,p,h,o,n,e,n,u,m,b,e,r
e,s,.,f,i,r,s,t,n,a,m,e
p,d,2
a,.,m,a,n,a,g,e,r,i,d
n,m
t,h,i,n,g
t,o,t,a,l,c,r,e,d,i,t,s,.,n,e,t,i,d
p,c,4,.,p,u,r,c,h,a,s,e,i,d
g,r,a,d,e,_,1,2
p,r,a,.,b,r,a,n,d,n,a,m,e
e,n,r,o,l,l,i,n,f,o,.,n,e,t,i,d
t,o,t,a,l,n,u,m,b,e,r
t,3
g,r,a,d,e,_,1,2,.,m,a,x,s,a,l,a,r,y
p,n,1
p,i,d
b,.,p,h,o,n,e,n,u,m,b,e,r,-,4
a,.,s,a,l,a,r,y,*,a,.,c,o,m,i,s,s,i,o,n
i,f
p,u,r,3
k,n,o,w
e,a,r,l,i,e,r
.,d,e,p,a,r,t,m,e,n,t
l,o,w,e,s,t,p,r,i,c,e
t,e,m,p,1,.,m,i,n,p,r,i,c,e
e,n,r,o,c,o,u,r,.,n,e,t,i,d
d,2,.,c,u,s,t,o,m,e,r,i,d
e,s,.,n,e,t,i,d
f,i,r,s,t,n,a,m,e,=
b,.,j,o,b,t,i,t,l,e
j,o,i,n,e,d,.,d,e,p,a,r,t,m,e,n,t
t,.,t,o,t,a,l,c,r,e,d,i,t,s
=,c,.,d,e,p,a,r,t,m,e,n,t
b,i,g,s,u,b,.,f,i,r
m,i,n,p,e,e,p,s,.,c,u,s,t,o,m,e,r,i,d
f,i,n,a,l,.,b,r,a,n,d,n,a,m,e
c,2,.,c,u,s,t,o,m,e,r,i,d,=,p,u,r,c,2,.,c,u,s,t,o,m,e,r,i,d
p,c,1,.,p,r,o,d,u,c,t,i,d
d,e,p,a,r,t,m,e,n,t,=,',c,s,'
g,.,d,e,p,a,r,t,m,e,n,t
m,p,r,.,c,u,s,t,o,m,e,r,i,d
t,m,p,.,c,n
d,a,t,a,_,.,t
s,g,1,.,m,a,x,s,a,l,a,r,y
d,2
r,3,.,b,r,a,n,d,n,a,m,e
r,e,s,.,p,r,o,d,u,c,t,i,d
e,m,p,.,e,m,p,i,d
d,e,p,a,r,t,m,e,n,t,.,d,e,p,t,i,d,=,e,m,p,l,o,y,e,e,.,d,e,p,t,i,d
b,e,s,t,c,u,s,t,o,m,e,r,s
o,.,b,r,a,n,d,n,a,m,e
c,u,s,t,i,d,.,c,u,s,t,o,m,e,r,i,d
p,r,2,.,b,r,a,n,d,n,a,m,e,=
s,a,m,s,u,n,g,b,u,y,e,r,s,.,p,r,o,d,u,c,t,n,a,m,e
c,.,c,u,s,t,o,m,e,r,i,d,=,p,u,r,c,h,a,s,e,s,.,c,u,s,t,o,m,e,r,i,d
n,m,.,c,u,s,t,o,m,e,r,i,d
t,b,3,.,p,r,o,d,u,c,t,n,a,m,e
o,.,c,u,s,t,o,m,e,r,i,d
c,u,s,t,o,m,e,r,s,.,c,u,s,t,o,m,e,r,i,d,=,p,u,r,.,c,u,s,t,o,m,e,r,i,d
i,d,s
t,e,m,p,.,s,e,c,o,n,d
c,o,u,r
t,m,p,.,a,v,g,s,a,l,a,r,y
x,1,.,l,a,s,t,n,a,m,e
t,m,p,3
b,.,p,u,r,c,h,a,s,e,i,d
s,a,m,s,u,n,g,b,u,y,e,r,s,.,p,h,o,n,e,n,u,m,b,e,r
=,s,.,m,a,x,s,a,l,a,r,y
f,.,p,r,o,d,u,c,t,i,d
t,e,m,p,.,c,n,t
p,u,r,c,h,a,s,e,c,o,u,n,t,.,c,u,s,t,o,m,e,r,i,d
n,u,m,p,u,r,c,h,a,s,e,s,b,y,c,u,s,t,o,m,e,r,.,c,u,s,t,o,m,e,r,i,d
s,t,u,c,o,u,r,s,e
r,p,.,c,u,s,t,o,m,e,r,i,d
e,l
e,c,e,m,a,j,o,r,s
d,e
b,i,g,s,u,b,.,l,a,s
p,.,c,u,s,t,o,m,e,r,i,d,=,b,.,c,u,s,t,o,m,e,r,i,d
f,i,r,s,t
c,x,.,c,u,s,t,o,m,e,r,i,d,=,p,x,.,c,u,s,t,o,m,e,r,i,d
p,u,r,r
a,.,c,r,n
g,.,c,r,e,d,i,t,s
c,u,s,t,.,l,a,s,t,n,a,m,e
p,c,h,.,p,r,i,c,e
e,1,.,e,m,p,i,d
b,a,h,a,h,a
p,d,1,.,p,r,o,d,u,c,t,n,a,m,e
p,d,.,p,r,o,d,u,c,t,n,a,m,e
c,r,e,d,i,t
d,.,d,e,p,t,n,a,m,e,=
t,e,m,p,.,p,i
2,0,1,0
n,e,w,.,c
b,.,t,i,m,e,s
p,r,o,d,2,.,p,r,o,d,u,c,t,i,d
r,e,.,f,i,r,s,t,n,a,m,e
g,r,a,d,e,_,1,5
p,2,.,p,r,o,d,u,c,t,i,d,=,p,3,.,p,r,o,d,u,c,t,i,d
c,u,s,t,s,.,f,i,r,s,t,n,a,m,e
r,e,s,u,l,t,.,g,r,a,d,e
x,1,.,c,u,s,t,o,m,e,r,i,d
s,a,m,e
m,e,r,g,e
p,r,o,d,u,c,t,c,o,u,n,t,s,.,t,o,t,a,l
b,.,c,r,n
c,o,u,r,s,e
p,r,.,p,r,o,d,u,c,t,i,d,=,p,r,o,d,u,c,t,c,o,u,n,t,s,.,p,r,o,d,u,c,t,i,d
d,e,p,t,.,d,e,p,a,r,t,m,e,n,t,i,d,*,/
s,1,.,l,a,s,t,n,a,m,e
q,u,a,l,i,f,i,e,d,c,u,s,t,o,m,e,r,s,.,c,u,s,t,o,m,e,r,i,d
e,m,.,e,m,p,n,a,m,e
p,1,2,.,p,r,o,d,u,c,t,i,d
s,t,.,c,r,n
h,o,h,o,.,l,a,s,t,n,a,m,e
p,r,o,.,p,r,o,d,u,c,t,i,d,=,p,u,r,.,p,r,o,d,u,c,t,i,d
t,.,f,i,r,s,t,n,a,m,e
a,1,.,y,e,a,r,r,e,l,e,a,s,e,d
t,m,p,3,.,c,u,s,t,o,m,e,r,i,d
/,*,*
',l,o,n,d,o,n,'
=,s,a,l,.,m,a,x,s,a,l,a,r,y
a,s,k
p,r,1,.,y,e,a,r,r,e,l,e,a,s,e,d
l,o,w,e,s,t
e,.,t,o,t,a,l
m,i,n,e
c,u,s,t,o,m,e,r,s,.,c,u,s,t,o,m,e,r,i,d,=,p,u,r,c,h,a,s,e,s,.,c,u,s,t,o,m,e,r,i,d
c,o,u,n,t,e,d
f,n
c,s,_,n,e,t,i,d,s,.,n,e,t,i,d
c,a,.,f,i,r,s,t,n,a,m,e
s,a,l,.,s,a,l,a,r,y,/,1,2
w,h,o,s,e
e,.,p
e,e,.,c,r,n
c,u,s,1,.,p,h,o,n,e,n,u,m,b,e,r
t,o,t,a,l,.,c,u,s,t,o,m,e,r,i,d
t,e,m,p,.,p
p,c,c,.,c,u,s,t,o,m,e,r,i,d
a,.,d,e,p,t,i,d
k
a,l,i,a,s
t,1,.,c,r,n
x,.,d,e,p,a,r,t,m,e,n,t
p,.,c,u,s,t,o,m,e,r,i,d,=,c,.,c,u,s,t,o,m,e,r,i,d
p,i
e,m,p,.,d,e,p,t,i,d,=,d,.,d,e,p,t,i,d
c,o,n,d
v,.,l,a,s,t,n,a,m,e
s,2,.,f,i,r,s,t,n,a,m,e
t,e,m,p,2,.,c,u,s,t,o,m,e,r,i,d
w,h,o
e,d
p,c,4,.,c,u,s,t,o,m,e,r,i,d
b,t,.,p,r,o,d,u,c,t,n,a,m,e
c,o,u
r,e,t,u,r,n,s
p,1,1,.,c,u,s,t,o,m,e,r,i,d
e,c,.,n,e,t,i,d
q,.,t
c,t,.,p,h,o,n,e,n,u,m,b,e,r
',o,r
t,m,p,.,c,r,n
c,h,e,c,k,s
p,u,r,c,h,a,s,e,s,.,c,u,s,t,o,m,e,r,i,d,=,c,.,c,u,s,t,o,m,e,r,i,d
c,.,c,u,s,t,o,m,e,r,i,d,=,p,1,.,c,u,s,t,o,m,e,r,i,d
c,o,u,2,.,c,r,n
t,h,e,y
p,u,r,c,h,a,s,e,c,o,u,n,t,s
e,n,r,o,.,c,r,n
e,n,r,o,c,o,u,r,.,d,e,p,a,r,t,m,e,n,t
n,a,m,e,1
p,r,o,d,u,c,t,s,b,e,f,o,r,e,.,b,r,a,n,d,n,a,m,e
s,u,m,_,c,r,e,d,i,t,s
s,t,o,t,c
p,4,.,b,r,a,n,d,n,a,m,e
p,x,.,p,r,i,c,e
p,r,.,b,r,a,n,d,n,a,m,e,=
',b,e,n
c,o,u,r,s,e,_,d,e,p,t,_,t,a,b,l,e
b,t,.,f,i,r,s,t,n,a,m,e
d,3
d,1,.,d,e,p,t,n,a,m,e
',n,e,w
m,e,r,g,e,.,c,o,u,r,s,e
m,u,l
f,.,m,a,n,a,g,e,r,i,d
t,e,m,p,.,m,i,n,s,a,l,a,r,y
n,e,w,t,a,b,l,e,.,p,r,o,d,u,c,t,n,a,m,e
e,3,.,e,m,p,n,a,m,e
c,s,.,c,u,s,t,o,m,e,r,i,d
o,.,y,e,a,r,r,e,l,e,a,s,e,d
p,r,o,2,.,p,r,o,d,u,c,t,i,d
p,.,c,u,s,t,o,m,e,r,i,d,=,t,h,i,n,g,.,c,u,s,t,o,m,e,r,i,d
e,i
p,_,m,i,n
t,1,.,p,r,o,d,u,c,t,n,a,m,e
y,r,1
m,i,n,p,r,i,c,e,p,u,r,c,h,a,s,e,s
p,t,.,p,r,o,d,u,c,t,i,d
h,r,.,s,m
m,i,n,c
s,a,m,s,u,n,g,b,u,y,e,r,s,.,c,u,s,t,o,m,e,r,i,d
m,i,n,b,u,y,e,r,s
=,',e,c,e
f,.,c,u,s,t,o,m,e,r
t,e,m,p,2,.,b,r,a,n,d,n,a,m,e
c,i
p,.,c,u,s,t,o,m,e,r,i,d,=,c,u,s,t,o,m,e,r,s,.,c,u,s,t,o,m,e,r,i,d
g,i,v,e,n
e,n,r,o,l,l,i,n,f,o,.,t,o,t,a,l,c,r,e,d,i,t,s
p,t
7,0,0,0,.,0
c,t,t
t,.,p,r,i,c,e
a,w,k,2
r,.,y,e,a,r,r,e,l,e,a,s,e,d
x,x,x,.,c,u,s,t,o,m,e,r,i,d
c,h,e,a,p,e,s,t,.,p,r,i,c,e
p,r,i,o,r,.,b,r,a,n,d,n,a,m,e
9
e,m,.,e,m,p,i,d
e,2,.,s,a,l,a,r,y,*
n,u,m,p,u,r,c,h,a,s,e,s,.,c,u,s,t,o,m,e,r,i,d
p,u,r,c,h,a,s,e
m,a,d,e
c,t,s
x,.,t,o,t
e,i,.,n,e,t,i,d
c,.,c,u,s,t,o,m,e,r,i,d,=,o,.,c,u,s,t,o,m,e,r,i,d
c,o,u,r,s,e,s,.,d,e,p,a,r,t,m,e,n,t,=
t,h,i,s
n,a,m,e,2
p,p,r,i,c,e
a,w,k,1,.,p,r,o,d,u,c,t,n,a,m,e
e,e,.,e,m,p,n,a,m,e
b,.,m,i,n,_,p,r,i,c,e
t,e,m,p,.,p,r,o,d,u,c,t,i,d
*,c,o,m,i,s,s,i,o,n
c,u,.,l,a,s,t,n,a,m,e
c,r,e
x,.,m,a,n,a,g,e,r,i,d
',s,a,m,s,u,n,g,',a,n,d
p,r,o,d,u,c,t,s,_,r,e,l,e,a,s,e,d,_,b,e,f,o,r,e
r,e
p,u,r,c,h,a,s,e,s,3
p,r,o,d,s,.,b,r,a,n,d,n,a,m,e
c,u,s,t,s
t,e,m,p,.,t
b,t
c,u,s,t,o,m,e,r,i,d,=,c,.,c,u,s,t,o,m,e,r,i,d
a,.,m,i,n,p,r,i,c,e
e,e,.,n,e,t,i,d
e,m,p,l,o,y,e,e,.,s,a,l,a,r,y,/,1,2
t,h,a,n
m,i,n,_,t,a,b,l,e
c,o,u,n,t,_,b,e,f,o,r,e
p,u,r,c,h,_,2,.,p,r,i,c,e
c,o,u,n,t,c,u,s,t,o,m,e,r
o,u,t
m,i,n,_,p,r,i,c,e,_,t,a,b,l,e
j,o,b,t,i,t,l,e,=,',i,t
n,u,m,b,e,r,_,p,r,o,d,u,c,t,_,r,e,l,e,a,s,e,_,e,a,r,l,y
z,.,c,u,s,t,o,m,e,r,i,d
i,c,.,n,e,t,i,d
c,u,r,r,.,p,r,o,d,u,c,t,i,d
p,r,o,d,u,c,t,s,.,b,r,a,n,d,n,a,m,e,=,',a,p,p,l,e
p,1,.,b,r,a,n,d,n,a,m,e,=,',s,a,m,s,u,n,g
e,n,r,o,c,o,u,r
t,e,m,p,2,.,c,i,d
t,e,m,p,.,m,a,n,a,g,e,r,i,d
p,t,.,p,r,o,d,u,c,t,n,a,m,e
p,1,1,.,p,r,o,d,u,c,t,i,d
x,x,x
l,o,w,e,s,t,p,r,i,c,e,s,.,p,r,o,d,u,c,t,i,d
t,.,p,r,o,d,u,c,t,i,d,=,p,2,.,p,r,o,d,u,c,t,i,d
i,t,e,m,.,p,r,o,d,u,c,t,n,a,m,e
e,2,.,c,r,n,=,c,2,.,c,r,n
j,o,i,n,e,d
j,'
p,u,r,2,.,p,r,i
n,u,m,b,u,y,e,r,s
3
c,i,.,d,e,p,a,r,t,m,e,n,t
s,u,m,_,c,r,e,d,s
o,u,t,p,u,t,.,c,u,s,t,o,m,e,r,i,d
m,i,n,p,r,i,c,e,p,r,o,d,u,c,t
n,',t
l,.,f,i,r,s,t,n,a,m,e
d,.,a,t,t,r,i,b,u,t,e
r,e,s,u,l,t
1,1,0
e,n,2,.,n,e,t,i,d
t,m,p,2
b,o,t,h
p,r,o,d,u,c,t,i,d,=,p,.,p,r,o,d,u,c,t,i,d
c,o,m,b,i,n,e,d
t,e,m,p,2,.,c,r,n
p,2,.,b,r,a,n,d,n,a,m,e,=,',s,a,m,s,u,n,g
v
m,a,n,a,g,e,r,.,e,m,p,i,d
s,u
m,i,n,p,r,o,.,m,i,n,p,r,i,c,e
c,o,n,d,i,t,i,o,n,s,.,c,u,s,t,o,m,e,r,i,d
p,r,o,.,b,r,a,n,d,n,a,m,e,=,',a,p,p,l,e
g,.,l,a,s,t,n,a,m,e
t,o,t,a,l,_,p,u,r,c,h,a,s,e
c,.,p,r,o,d,u,c,t,i,d
c,o,u,.,c,r,n
n,o,w,.,y,e,a,r,r,e,l,e,a,s,e,d
m,i,n,p,r,i,c,e,t,a,b,l,e
s,e,.,l,a,s,t,n,a,m,e
',r,e
b,.,t,o,t,a,l
i,n,s,i,d,e,.,y,e,a,r,r,e,l,e,a,s,e,d
m,i,n,e,.,c,r,e,d,i,t,s
',p,r,i,c,e
o,p,.,p,r,i,c,e
=,',c,s,'
p,p,u,r
l,p
p,x,.,c,u,s,t,o,m,e,r,i,d
=,',t,',a,n,d
p,s,.,p,r,o,d,u,c,t,i,d,=,p,.,p,r,o,d,u,c,t,i,d
a,.,t,o,t,a,l,p,u,r,c,h,a,s,e,s
c,h,e,a,p,e,s,t
t,i,m,e,s
e,m,p,2,.,j,o,b,t,i,t,l,e
c,2,.,d,e,p,a,r,t,m,e,n,t
p,r,o,d,u,c,t,c,o,u,n,t,s
s,e,.,n,e,t,i,d
d,e,p,t,.,d,e,p,a,r,t,m,e,n,t
/,*,s,e,l,e,c,t
c,r,o,s,s
b,t,.,r,e,s,u,l,t
p,r,i,c,e,_,t,a,b,l,e,.,l,o,w,e,s,t
c,o,u,r,s,e,d,e,p,t
h,u,g,e,_,t,a,b,l,e,.,d,e,p,a,r,t,m,e,n,t
p,6,.,p,r,o,d,u,c,t,i,d
p,u,r,c,h,a,s,e,s,.,c,u,s,t,o,m,e,r,i,d,=,c,u,s,t,s,.,c,u,s,t,o,m,e,r,i,d
z,z
p,c,.,p,r,i,c,e
p,2,.,p,r,i,c,e,=,t,e,m,p,.,m,i,n,i,m,u,m
c,o,m,i,s,s,i,o,n,*,s,a,l,a,r,y
p,b,.,p,r,i,c,e
r,e,s,u,l,t,s
s,t,.,d,e,p,a,r,t,m,e,n,t
p,s,1
c,o,n,c,a,t
t,a,b,l,e,1,.,c,i,d
t,e,m,p,.,c,r,d
f,r,e,q,u,e,n,c,y
o,.,l,a,s,t,n,a,m,e
y
n,i,m,a
5,'
e,n,.,c,r,e,d,i,t,s
n,e,w,_,t,a,b,l,e,.,p,r,o,d,u,c,t,i,d,=,o,l,d,_,t,a,b,l,e,.,p,r,o,d,u,c,t,i,d
p,t,.,b,r,a,n,d,n,a,m,e
m,i,n,p,r,i,c,e,.,p,r,o,d,u,c,t,i,d
p,r,o,d,2,.,y,e,a,r,r,e,l,e,a,s,e,d
l,.,c,u,s,t,o,m,e,r,i,d
c,u,r,r
p,s,2
r,o,y,a,l,'
t,.,p,p
t,e,m,p,.,t,c,r,e,d,i,t,s
e,m,p,2
s,d
t,1,.,y,e,a,r,r,e,l,e,a,s,e,d
p,r,a
p,r,i,o,r,.,y,e,a,r,r,e,l,e,a,s,e,d
n,e,w,.,y,e,a,r,r,e,l,e,a,s,e,d
c,s,.,l,a,s,t,n,a,m,e
d,1,.,c,u,s,t,o,m,e,r,i,d
e,m,p,2,.,s,a,l,a,r,y
p,4,.,c,u,s,t,o,m,e,r,i,d
h
s,.,n,e,t,i,d,=,t,.,n,e,t,i,d
t,.,l,a,s,t,n,a,m,e
e,.,p,u,r,c,h,a,s,e,i,d
i,s
n
p,r,e,v,p,r,o,d,u,c,t,s
c,u,r
p,u,r,3,.,p,r,i,c,e
t,.,c,r,n
m,a,n,a,g,e,r,i,d,=,e,.,e,m,p,i,d
e,m,p,.,a,n,n,u,a,l,s,a,l,a,r,y,/,1,2
',t,',o,r
e,2,.,a,n,n,u,a,l,s,a,l,a,r,y
e,c,e,m,a,j,o,r,s,.,l,a,s,t,n,a,m,e
e,g
c,.,b,r,a,n,d,n,a,m,e
d,e,p,t,.,d,e,p,t,l,o,c,a,t,i,o,n
t,b,1,.,c,t
m,i,n,c,.,c,u,s,t,o,m,e,r,i,d
r,.,p,r,o,d,u,c,t,n,a,m,e
p,t,.,c,u,s,t,o,m,e,r,i,d
o,n,c,e
t,.,m,i,n,p,r,i,c,e
p,c,2,.,p,r,o,d,u,c,t,i,d
d,a,t,a
f,i,l,t,e,r,i,n,g
y,o,u
p,.,b,r,a,n,d,n,a,m,e,=,p,2,.,b,r,a,n,d,n,a,m,e
6,0,0,0,0
7,0,0,0,*,1,2
p,u,r,1,.,p,r,i,c,e
a,a,a
i,t,e,m,.,y,e,a,r,r,e,l,e,a,s,e,d
e,a,c,h
t,e,m,p,1,.,p,r,o,d,u,c,t,i,d
s,.,n,e,t,i,d,=,s,t,o,t,c,.,n,e,t,i,d
r,o,w,s
g,.,n,e,t,i,d
r,e,s
f,i,n
e,n,r,.,c,r,e,d,s
a,p,.,c,u,s,t,o,m,e,r,i,d
c,.,c,u,s,t,o,m,e,r,i,d,=,d,.,c,u,s,t,o,m,e,r,i,d
l,e,a,s,t
e,m,p,i,d,c,o,u,n,t
4,.,0
i,p,.,p,r,o,d,u,c,t,i,d
c,.,p,h,o,n,e,n,u,m,b,e,r,",",1,0
c,o,n,d,i,t,i,o,n,a,l,p,r,o,d,u,c,t,t,a,l,l,y
p,u,r,.,p,u,r,c,h,a,s,e,i,d
t,a,b,l,e,2
h,o,h,o
s,t,u,d,e,n,t,c,r,e,d,i,t,.,n,e,t,i,d
l,e,f,t,j,o,i,n,+,o,n
h,a,h,a,h,a
t,m,p,3,.,p,r,o,d,u,c,t,n,a,m,e
d,o
p,.,p,r,o,d,u,c,t,i,d,=,p,1,.,p,r,o,d,u,c,t,i,d
l,.,p,h,o,n,e,n,u,m,b,e,r
t,o,t,a,l,.,n,e,t,i,d
n,u,l,l,_,c,h,e,c,k
t,c,h
l,a,s
y,o,r,k,'
t,h,e,i,r
',a,r,o,m,a
s,.,f,i,r,s,t,n,a,m,e,=
e,n,r,.,c,r,n
_,p,r,o,d,c,o,u,n,t
g,.,f,i,r,s,t,n,a,m,e
d,2,.,p,r,o,d,u,c,t,i,d
|,|
m,i,n,p,r,i,c,e,t,a,b,l,e,.,m,p,r,i,c,e
o,u,t,p,u,t,.,l,a,s,t,n,a,m,e
i,n,n,e,r,_,t,a,b,l,e
p,u,r,r,.,p,r,o,d,u,c,t,i,d
t,o,t,a,l,_,c,o,m,p,e,n,s,a,t,i,o,n
e,.,t,c,h
p,c,1,.,p,r,i,c,e
p,u,t
f,.,c,a,f,e
p,r,e,v,p,r,o,d,.,p,r,o,d,n,a,m,e
