d,e,.,d,e,p,t,i,d
c,u,s,.,p,h,o,n,e,n,u,m,b,e,r
x,x,x
o,l,d,.,b,r,a,n,d,n,a,m,e
n,u,m,c,r,e,d,i,t,s
s,t,.,d
e,s,t,u,d,e,n,t,s
b,.,s,a,l,a,r,y,*,b,.,c,o,m,i,s,s,i,o,n
p,u,1,.,c,u,s,t,o,m,e,r,i,d
=,7,0,0,0
e,c,e,s,t,u,n,e,t,i,d,.,n,e,t,i,d
c,.
a,p
h,o,h,o,.,c,u,s,t,o,m,e,r,i,d
r,e,s,u,l,t,.,g,r,a,d,e
c,3,.,l,a,s,t,n,a,m,e
s,t,.,c,r,n
p,5,.,p,r,o,d,u,c,t,n,a,m,e
x,.,n,e,t,i,d
w,o,r,k
p,r,i,o,r,.,y,e,a,r,r,e,l,e,a,s,e,d
s,u,b,_,q,u,.,l,o,w,e,s,t,_,p,r,i,c,e
c,a,.,c,u,s,t,o,m,e,r,i,d
m,o,n,t,h,l,y,s,a,l,a,r,y
p,7
m,i,n,e,.,n,e,t,i,d
t,h,e,i,r
c,r,e,d,i,t
c,4
d,.,d,e,p,a,r,t,m,e,n,t
c,u,r,r,e,n,t,.,y,e,a,r,r,e,l,e,a,s,e,d
d,e,p,t,.,n,e,t,i,d
p,t,2
g,.,c,u,s,t,o,m,e,r,i,d,=,p,1,.,c,u,s,t,o,m,e,r,i,d
p,u,r,c,2,.,p,r,o,d,u,c,t,i,d,=,p,r,o,d,2,.,p,r,o,d,u,c,t,i,d
p,u,r,3,.,p,r,o,d,u,c,t,i,d
n,.,y,e,a,r,r,e,l,e,a,s,e,d
g,.,d,e,p,a,r,t,m,e,n,t
d,.,f,i,r,s,t,n,a,m,e
s,u
m,i,n,t,.,p,r,o,d,u,c,t,i,d
e,m,.,s,a,l,a,r,y
l,o,w,e,s,t,p,r,i,c,e
e,n,r,2
t,b,3,.,c,u,s,t,o,m,e,r,i,d
p,g,.,c,u,s,t,o,m,e,r,i,d
p,u,r,c,h,a,s,e,_,t,a,b,l,e
w,i,t,h
e,c,e,s,t,u,n,e,t,i,d
t,e,m,p,.,i,d
c,a,o,.,n,e,t,i,d
b,t,.,p,r,o,d,u,c,t,n,a,m,e
t,e,m,p,2,.,c,r,e,d,i,t,s
t,1,.,p,r,o,d,u,c,t,n,a,m,e
c,u,r,r
',b,e,n
q,.,t
s,a,l,a,r,y,a,f,t,e,r,c,o,m,i,s,s,i,o,n
e,_,d,e,p,t
c,u,s,t,o,m,e,r,i,d,=,p,c,.,c,u,s,t,o,m,e,r,i,d
c,3
m,i,n,t,.,m,i,n,p,r,i,c,e
p,r,e,v,p,r,o,d,.,p,r,o,d,n,a,m,e
c,s,c,o,u,r,s,e,s
r,e,s,.,c,u,s,t,o,m,e,r,i,d
a,w,k,1
p,p,2
p,u,r,c,h,_,2,.,c,u,s,t,o,m,e,r,i,d
a,t
p,x
g,g,.,h,e,l,p,1
e,m,p,l,o,y,e,e,.,s,a,l,a,r,y,/,1,2
_,p,r,o,d,c,o,u,n,t
c,o,u,.,d,e,p,a,r,t,m,e,n,t
e,m,p,l,o,y,e,e,_,c,o,u,n,t
i,.,e
d,e,p,s,o,f,s,t,u,d,e,n,t,s
p,r,o,d,n,a,m,e
h,2,.,c,u,s,t,o,m,e,r,i,d
m,.,m,i,n,p,r,i,c,e
p,2,i,d
o,.,c,n,t
',s,s,1,2,3,4,',",",1
p,u,r,2,.,p,r,i,c,e
y,.,b,r,a,n,d,n,a,m,e,=
t,.,n,u,m
e,n,r,.,c,r,e,d,s
c,u,s,t,o,m,e,r,s,.,p,h,o,n,e,n,u,m,b,e,r,=
p,u,r,c,2
p,1,n,a,m,e
e,m,.,e,m,p,n,a,m,e
v,a,r,i,a,b,l,e
f,i,n,d
c,o,n,d,i,t,i,o,n,a,l,p,r,o,d,u,c,t,t,a,l,l,y,.,p,r,o,d,u,c,t,i,d
g,.,f,i,r,s,t,n,a,m,e
f,i,n,t,a,b,l,e
p,t,2,.,b,r,a,n,d,n,a,m,e
l,o,l,.,c,u,s,t,o,m,e,r,i,d
1,0,=,0
p,u,r,c,h,.,p,r,o,d,u,c,t,i,d
p,s,.,p,r,o,d,u,c,t,n,a,m,e
f,i,n,a,l,.,p,c,n,t
d,i,f,f
a,w,k,2,.,b,r,a,n,d,n,a,m,e
c,u,r,r,.,y,e,a,r,r,e,l,e,a,s,e,d
p,1,2,.,p,r,o,d,u,c,t,i,d
c,.,d,e,p,a,r,t,m,e,n,t,=,',c,s
m,p,d,.,p,r,o,d,u,c,t,i,d
h,2
m,i,n,p,r,o
p,1,2,.,p,r,o,d,u,c,t,n,a,m,e
f,i,n,t,a,b,l,e,.,c,u,s,t,o,m,e,r,i,d
l,i,s,t,1
r,o,w,s
a,v,e,r,a,g,e
t,e,m,p,.,c,r,d
c,o,u,.,d,e,p,a,r,t,m,e,n,t,=,',c,s
c,o,u,r,s,e,_,d,e,p
p,c,1,.,p,r,i,c,e
t,e,m,p,1,.,p,r,o,d,u,c,t,i,d
c,p,.,c,t,s
a,w,k,1,.,y,e,a,r,r,e,l,e,a,s,e,d
r,e,t,u,r,n
p,6
x,.,s,a,l,a,r,y
p,x,.,c,u,s,t,o,m,e,r,i,d
c,u,s,t,.,l,a,s,t,n,a,m,e
c,h,e,c,k,s
p,u,r,c,h,.,p,r,o,d,u,c,t,i,d,=,p,r,o,d,.,p,r,o,d,u,c,t,i,d
t,e,m,p,2,.,c,r,n
v
e,2,.,s,a,l,a,r,y,*
=,s,.,m,a,x,s,a,l,a,r,y
a,.,p,t,a,b,l,e
t,i,m,e,s
c,a,.,f,i,r,s,t,n,a,m,e
d,r,i,n,k,s
o,l,d,.,b,r,a,n,d,n,a,m,e,=,n,e,w,.,b,r,a,n,d,n,a,m,e
m,a,n,a,g,e,r,s
s,t,r,a,n,g,e
c,.,c,u,s,t,o,m,e,r,i,d,=,p,u,r,c,h,a,s,e,s,.,c,u,s,t,o,m,e,r,i,d
d,2,.,c,u,s,t,o,m,e,r,i,d
n,u,l,l
c,.,d,e,p,a,r,t,m,e,n,t,=,',c,s,'
c,.,t,c,r,e,d,i,t,s
s,.,d,r,i,n,k
p,n,1
l,p
s,a,m,s,u,n,g,b,u,y,e,r,s,.,f,i,r,s,t,n,a,m,e
o,l,d,_,t,a,b,l,e
2,0,1,0
e,a,r,l,i,e,r
e,g
o,u,t
p,u,m,.,p,r,i,c,e
l,.,p,h,o,n,e,n,u,m,b,e,r
n
p,u,r,c,h,a,s,e,s,.,c,u,s,t,o,m,e,r,i,d,=,c,u,s,t,s,.,c,u,s,t,o,m,e,r,i,d
_,c,o,u,n,t
s,t,u,c,o,u,r,s,e
p,r,o,.,b,r,a,n,d,n,a,m,e,=
i,n,f,o,r,m,a,t,i,o,n,_,s,c,h,e,m,a,.,t,a,b,l,e,s
a,.,s,a,l,a,r,y,*,a,.,c,o,m,i,s,s,i,o,n
p,r,e,.,p,r,o,d,u,c,t,n,a,m,e
t,e,m,p,.,t,o,t,c,r,e,d,i,t,s
m,i,n,_,t,a,b,l,e,.,m,i,n,_,i,d
e,l
p,.,b,r,a,n,d,n,a,m,e,=,p,2,.,b,r,a,n,d,n,a,m,e
p,c,4,.,c,u,s,t,o,m,e,r,i,d
t,.,d,p,t
x,.,d,e,p,a,r,t,m,e,n,t
j,o,i,n,e,d,.,p,r,o,d,u,c,t,n,a,m,e
t,1,.,e,m,p,i,d
f,r,e,q
c,u,r,r,e,n,t
c,o,u
o,t,h,e,r
t,m,p,3
s,a,m,s,u,n,g,b,u,y,e,r,s
s,c,.,c,u,s,t,o,m,e,r,i,d
n,u,m,p,u,r,c,h,a,s,e,s,b,y,c,u,s,t,o,m,e,r,.,n,u,m
r,e,s,u,l,t,.,m,i,n,s,a,l,a,r,y
p,2,.,m,i,n,p,r,i,c,e
r,.,c,a,r,t,s,i,z,e
t,.,p,p
n,e,t,i,d,s
p,r,o,d,s
d,1,.,d,e,p,t,l,o,c,a,t,i,o,n
p,_,m,i,n,.,p,r,o,d,u,c,t,i,d
n,o,w,.,b,r,a,n,d,n,a,m,e
c,o,u,r,.,d,e,p,a,r,t,m,e,n,t
c,a
l,o,w,c,.,c,u,s,t,o,m,e,r,i,d
p,r,o,d,u,c,t,s,.,b,r,a,n,d,n,a,m,e,=,',a,p,p,l,e
n,e,t,i,d,=,s,1,.,n,e,t,i,d
d,e,p,t,.,d,e,p,t,l,o,c,a,t,i,o,n
c,l,a,s,s,e,s,.,d,e,p,a,r,t,m,e,n,t
t,b,.,p,r,o,d,u,c,t,n,a,m,e
b,.,y,e,a,r,e,s,t,a,b,l,i,s,h,e,d
m,i,n,p,r,i,c,e,t,a,b,l,e,.,p,r,o,d,u,c,t,i,d
b,.,c,c
c,a,o
r,e,s,.,p,r,o,d,u,c,t,i,d
',t,',o,r
t,c
t,e,m,p,.,n,e,t
j,o,i,n,e,d
e,m,p,.,s,a,l,a,r,y,*
w,h,o,s,e
n,e,w,t,a,b,l,e,.,p,r,o,d,u,c,t,c,o,u,n,t
p,c,.,p,r,i,c,e
p,d,d,.,b,r,a,n,d,n,a,m,e
s,u,b,q,.,p,r,o,d,u,c,t,n,a,m,e
p,d,d
n,u,m,p,r,o,d,s
e,m,p,.,e,m,p,i,d
e,m,p,.,d,e,p,a,r,t,m,e,n,t,i,d
t,e,m,p,2,.,n,e,t,i,d
g,.,m,a,x,s,a,l,a,r,y
p,c,.,p,r,o,d,c,n,t
r,e,s
t,e,m,p,.,h,o,u,r,s
d,e,p,.,d,e,p,t,l,o,c,a,t,i,o,n
r,.,p,r,o,d,u,c,t,n,a,m,e
',a,r,o,m,a
t,m,p,3,.,p,r,o,d,u,c,t,n,a,m,e
t,o,t,a,l,_,n,u,m,b,e,r
p,r,o,d,.,b,r,a,n,d,n,a,m,e,=,',s,a,m,s,u,n,g,'
x,1,.,c,u,s,t,o,m,e,r,i,d
o,.,f,i,r,s,t,n,a,m,e
n,u,m,b,e,r,s
c,t,r
e,c
p,u,1,.,p,r,i,c,e
j,'
m,i,n,b,u,y,e,r,s,.,c,u,s,t,o,m,e,r,i,d
r,e,s,u,l,t,.,s,a,l,a,r,y
c,2,.,c,u,s,t,o,m,e,r,i,d,=,p,u,r,c,2,.,c,u,s,t,o,m,e,r,i,d
o,.,c,u,s,t,o,m,e,r,i,d
z,.,c,u,s,t,o,m,e,r,i,d
c,1,.,d,e,p,a,r,t,m,e,n,t
*,/
c,c,.,c,r,n
d,.,d,e,p,t,l,o,c,a,t,i,o,n,=,',d,u,b,a,i
c,u,s,t,s,.,f,i,r,s,t,n,a,m,e
p,r,o,d,u,c,t,s,*,/
e,n,.,c,r,e,d,i,t,s
p,t
x,.,c,r,n
m,e,r,g,e
d,e,p,a,r,t,m,e,n,t,.,d,e,p,t,l,o,c,a,t,i,o,n,=
b,t,.,l,a,s,t,n,a,m,e
e,2,.,d,e,p,t,i,d
p,2,.,p,r,o,d,u,c,t,i,d,=,p,1,.,p,r,o,d,u,c,t,i,d
p,6,.,p,r,o,d,u,c,t,i,d
p,c,.,c,u,s,t,o,m,e,r,i,d
b,.,l,a,s,t,n,a,m,e
s,e,.,c,r,n
e,1,.,e,m,p,i,d
a,.,s,u,m
e,3,.,e,m,p,i,d
t,m,p,1
t,a,b,l,e
a,.,p,r,o,d,u,c,t,i,d,=,k,.,p,r,o,d,u,c,t,i,d
p,6,.,b,r,a,n,d,n,a,m,e
b,.,p,r,i,c,e
c,r,e
p,r,.,p,r,o,d,u,c,t,i,d,=,p,r,o,d,u,c,t,c,o,u,n,t,s,.,p,r,o,d,u,c,t,i,d
b,2
=,s,.,m,i,n,s,a,l,a,r,y
/,*,w,h,o
b,.,e,m,p,i,d
p,r,o,d,u,c,t,s,.,b,r,a,n,d,n,a,m,e,=,',g,o,o,g,l,e
t,o,t,a,l,c,r,e,d,i,t,s,.,n,e,t,i,d
c,o,u,r,s,e,d,e,p
x,.,y,e,a,r,r,e,l,e,a,s,e,d
3,.,3,9
a,g,b,u,y,e,r,s
z,z,z
=,c,.,d,e,p,a,r,t,m,e,n,t
m,i,n,b,u,y,e,r,s
t,b,1,.,p,r,o,d,u,c,t,i,d
p,t,a,b,l,e
a,f,t,e,r
r,e,.,l,a,s,t,n,a,m,e
=,',c,s,'
c,.,d,e,p,a,r,t,m,e,n,t,=
a,.,p,r,i,c,e,=
g,.,n,e,t,i,d
p,r,o,d,c,o,u,n,t,s
r,e,s,.,n,u,m,b,e,r
m,i,n,a,n,n,u,a,l,s,a,l,a,r,y
t,a,b,l,e,s
g,.,p,2,i,d
i,c
l,o,w,c
c,u,s,t,1,.,p,h,o,n,e,n,u,m,b,e,r
b,.,t,o,t,a,l
p,u,m,.,p,r,o,d,u,c,t,i,d,=,p,u,.,p,r,o,d,u,c,t,i,d
b,.,c,o,m,i,s,s,i,o,n
s,2
h,u,g,e,_,t,a,b,l,e,.,d,e,p,a,r,t,m,e,n,t
c,c,.,d,e,p,a,r,t,m,e,n,t
p,u,r,c,h,a,s,e,d
e,c,e,.,c,r,n
p,r,o,2,.,y,e,a,r,r,e,l,e,a,s,e,d
d,e,.,d,e,p,t,l,o,c,a,t,i,o,n
t,a,b,l,e,1,.,m,i,n,p,r,i,c,e
s,t,u,d,e,n,t,c,r,e,d,i,t
p,2,.,m,i,n,p
t,.,p,u,r,c,h,a,s,e,i,d
b,a,h,a,h,a
p,.,b,r,a,n,d,n,a,m,e,=,b,.,b,r,a,n,d,n,a,m,e
c,u,s,t,.,p,h,o,n,e,n,u,m,b,e,r
n,o,w,.,y,e,a,r,r,e,l,e,a,s,e,d
p,r,i
w,e,r,e
e,_,d,e,p,t,.,d,e,p,a,r,t,m,e,n,t
f,.,c,u,s,t,o,m,e,r
p,.,p,r,i,c,e,=,m,i,n,p,r,i,c,e
=,',e,c,e
m,i,n,p,r,i,c,e,p,r,o,d,u,c,t
c,u,s,1
p,2,.,b,r,a,n,d,n,a,m,e,=,p,1,.,b,r,a,n,d,n,a,m,e
r
p,c,4
l,o,w,e,s,t,p,r,i,c,e,s,.,l,o,w,e,s,t,p,r,i,c,e
p,u,r,c,h,a,s,e,s,3,.,p,r,o,d,u,c,t,i,d
c,.,c,u,s,t,o,m,e,r,i,d,=,d,.,c,u,s,t,o,m,e,r,i,d
a,l,i,a,s,.,l,a,s,t,n,a,m,e
e,.,t,o,t,a,l
s,u,b,.,n,e,t,i,d
f,i,n,.,p,n,1
x,.,p,r,o,d,u,c,t,i,d,=,y,.,p,r,o,d,u,c,t,i,d
p,x,.,p,r,o,d,u,c,t,i,d
n,u,m,p,r,o,d,u,c,t,s
t,o,t,a,l,.,n,e,t,i,d
t,2,.,m,a,n,a,g,e,r,i,d
p,2,.,y,e,a,r,r,e,l,e,a,s,e,d,=,d,.,y,e,a,r,r,e,l,e,a,s,e,d
t,e,m,p,.,c
m,a,n,a,g,e,r,.,s,a,l,a,r,y
=,s,.,d,e,p,a,r,t,m,e,n,t
i,d,s
p,d,o,n,e
t,e,m,p,.,n,e,t,i,d,=,s,t,u,d,e,n,t,s,.,n,e,t,i,d
d,1,.,d,e,p,t,n,a,m,e
a,g,g,r,e,g,a,t,e
c,o,u,r,.,c,r,n
e,m,p,.,j,o,b,t,i,t,l,e
3
t,.,i,d
1,",",2,",",3
',s
p,u,r,r,.,p,r,o,d,u,c,t,i,d
c,a,f,e,.,n,a,m,e
t,.,c,u,s,t,o,m,e,r,c,o,u,n,t
f,i,r,s,t
m,a,n,a,g,e,r,s,a,l,a,r,y
e,s,.,f,i,r,s,t,n,a,m,e
',l,o,n,d,o,n,'
n,e,w,t,a,b,l,e,.,p,r,o,d,u,c,t,n,a,m,e
s,u,b,1
s,t,u,d,e,n,t,s,.,d,e,p,a,r,t,m,e,n,t,=,',e,c,e,'
7,0,0,0,.,0
t,a,b,l,e,2,.,c,i,d
p,a
t,o,t,a,l,n,u,m,b,e,r
a,w,k,2,.,p,r,o,d,u,c,t,n,a,m,e
s,2,.,n,e,t,i,d,=,e,2,.,n,e,t,i,d
n,a,m,e,w,i,t,h,c,o,u,n,t,.,c,u,s,t,o,m,e,r,i,d
n,.,b,r,a,n,d,n,a,m,e
s,a,m,s,u,n,g,b,u,y,e,r,s,.,p,u,r,c,h,a,s,e,i,d
m,a,n,a,g,e,r,i,d,=,e,.,e,m,p,i,d
m,a,n,a,g,e,r,.,e,m,p,i,d
t,1,.,y,e,a,r,r,e,l,e,a,s,e,d
p,r,a
c,u,s,t,o,m,e,r,c,o,u,n,t
g,r,a,d,e,_,1,5,.,m,i,n,s,a,l,a,r,y
r,e,s,u,l,t,s
p,1,1,.,c,u,s,t,o,m,e,r,i,d
m,p,r,i,c,e
p,p,p,.,p,r,o,d,u,c,t,i,d
t,.,f,n
c,a,r,t,s,i,z,e
n,e,w,.,p,r,o,d,u,c,t,i,d
p,u,r,c,h,a,s,e,s,2,.,p,r,o,d,u,c,t,i,d
c,s,.,l,a,s,t,n,a,m,e
m,i,n,s
l,i,s,t
e,1,.,a,n,n,u,a,l,s,a,l,a,r,y,/,1,2
s,e,.,l,a,s,t,n,a,m,e
e,e,.,s,a,l,a,r,y,/,1,2
p,r,g,.,b,r,a,n,d,n,a,m,e
p,u,r,r
i,t,e,m
t,o,t,a,l,_,c,o,m,p,e,n,s,a,t,i,o,n
i,.,y,e,a,r,r,e,l,e,a,s,e,d
p,s,.,c,u,s,t,o,m,e,r,i,d
s,g,1,.,m,a,x,s,a,l,a,r,y
t,.,p,r,o,d,u,c,t,n,a,m,e
d,e,p,a,r,t,m,e,n,t,=,',c,s
d,3
t,a,k,i,n,g
s,s
o,.,p,r,i,c,e,=,i,.,m,i,n,p,r,i,c,e
n,u,m,_,e,m,p,l,o,y,e,e,s
p,e,r
f,.,l,p
e,.,d,e,p,t,i,d,=,d,.,d,e,p,t,i,d
c,.,y,e,a,r,r,e,l,e,a,s,e,d
m,o,n,t,l,y,s,a,l
x,1,.,f,i,r,s,t,n,a,m,e
o,n,e
/,*,f,r,o,m
d,a,t,a,_,.,l,a,s,t,n,a,m,e
p,r,r,.,b,r,a,n,d,n,a,m,e
i,t,e,m,.,y,e,a,r,r,e,l,e,a,s,e,d
i,p
p,s,.,p,r,o,d,u,c,t,i,d,=,p,.,p,r,o,d,u,c,t,i,d
x,.,b,r,a,n,d,n,a,m,e
p,2,.,p,r,i,c,e,=,t,e,m,p,.,m,i,n,i,m,u,m
p,r,o,d,2,.,y,e,a,r,r,e,l,e,a,s,e,d
p,r,.,b,r,a,n,d,n,a,m,e,=
w,h,o
b,i,g,s,u,b,.,f,i,r
p,.,p,r,o,d,u,c,t,i,d,=,p,2,.,p,r,o,d,u,c,t,i,d
t,o,t,a,l,c,r,e,d,s
d,e
r,.,p,r,o,d,u,c,t,i,d
h,o,h,o,.,n,u,m
s,2,.,l,a,s,t,n,a,m,e
p,4,.,p,r,o,d,u,c,t,n,a,m,e
f,i,n
p,u,r,c,h,_,2
s,t,u,d,.,d,e,p,a,r,t,m,e,n,t
e,n,r,o,l,l,i,n,f,o
b,2,.,b,r,a,n,d,n,a,m,e
m,.,s,a,l,a,r,y,*,m,.,c,o,m,i,s,s,i,o,n
g,.,c,r,n
d,p,t
c,n,t,.,c,u,s,t,o,m,e,r,i,d
m,i,n,e,.,c,r,e,d,i,t,s
a,w,k,1,.,p,r,o,d,u,c,t,n,a,m,e
n,u,m,p,u,r,c,h,a,s,e,s,b,y,c,u,s,t,o,m,e,r
t,.,y,e,a,r,r,e,l,e,a,s,e,d
c,o,n,c,a,t
p,r,o,d,u,c,t,s,.,b,r,a,n,d,n,a,m,e,=,',s,a,m,s,u,n,g
t,m,p,1,.,p,r,o,d,u,c,t,n,a,m,e
m,.,p,r,o,d,u,c,t,i,d
r,e,.,f,i,r,s,t,n,a,m,e
a,p,.,p,r,o,d,u,c,t,i,d
n,e,w,_,t,a,b,l,e,.,p,r,o,d,u,c,t,n,a,m,e
b,l,a,h
t,a,b,l,e,_,s,c,h,e,m,a
g,.,l,a,s,t,n,a,m,e
c,u,s,t,1,.,c,u,s,t,o,m,e,r,i,d
a,.,m,i,n,p
e,n,r,o,l,l,i,n,f,o,.,t,o,t,a,l,c,r,e,d,i,t,s
p,u,r,c,h,a,s,e
p,c,c
a,1,.,y,e,a,r,r,e,l,e,a,s,e,d
o,.,l,a,s,t,n,a,m,e
n,e,t
c,r,r,n
7,0,0,0,/,1,2
s,.,f,i,r,s,t,n,a,m,e,",",1
g,r,a,d,e,_,1,3,.,m,a,x,s,a,l,a,r,y
p,.,c,u,s,t,o,m,e,r,i,d,=,b,.,c,u,s,t,o,m,e,r,i,d
f,r,e,.,c,u,s,t,o,m,e,r,i,d
r,3
d,o,e,s
p,2,.,b,r,a,n,d,n,a,m,e,=
/,1,2
c,o,u,n,t,1
n,o,t,e
p,u,r,c,h,_,2,.,p,r,o,d,u,c,t,i,d
c,u,r
p,r,o,d,s,.,b,r,a,n,d,n,a,m,e
x,.,p,r,o,d,u,c,t,n,a,m,e
c,o,n,d,i,t,i,o,n,a,l,p,r,o,d,u,c,t,t,a,l,l,y
s,t,u,d,e,p,t
d,o
s,a,m,s,u,n,g,b,u,y,e,r,s,.,p,r,o,d,u,c,t,n,a,m,e
t,e,m,p,.,s,u,m,c,r,e,d,i,t,s
h,o,h,o,.,f,i,r,s,t,n,a,m,e
c,o,u,r,s,e,s,*,/
=,1,3
s,u,m,_,c,r,e,d,s
l,.,f,i,r,s,t,n,a,m,e
p,r,i,o,r,.,b,r,a,n,d,n,a,m,e
x,1,.,l,a,s,t,n,a,m,e
p,u,r,3,.,p,r,i,c,e
m,o,n,t,h,l,y,_,s,a,l,a,r,y
b,o,t,h
c,u,s,t,i,d,.,c,u,s,t,o,m,e,r,i,d
t,h,i,s
i,n,n,e,r,_,t,a,b,l,e
p,d,1,.,p,r,o,d,u,c,t,n,a,m,e
i,.,b,r,a,n,d,n,a,m,e
p,7,.,p,r,o,d,u,c,t,n,a,m,e
m,e,r,g,e,.,d,e,p,t
s,o
p,o,.,p,r,o,d,u,c,t,n,a,m,e
y,e,n
=,m,a,x,s,a,l,a,r,y
g,e,n,e,r,a,l
s,t,u,d,e,n,t,s,.,d,e,p,a,r,t,m,e,n,t,=,',e,c,e
e,_,d,e,p,t,.,n,e,t,i,d
p,u,r,c,h,a,s,e,s,3,.,p,r,i,c,e
r,.,y,e,a,r,r,e,l,e,a,s,e,d
t,h,r,i,f,t,y,c,u,s,t,o,m,e,r,s
d,.,n,e,t,i,d
p,o,.,b,r,a,n,d,n,a,m,e
3,.,8,0
c,l,a,s,s,e,s
r,.,c,u,s,t,o,m,e,r,i,d
a,g,g,r,e,a,t,i,o,n
e,n,.,c,r,n
e,n,r,o,c,o,u,r,.,d,e,p,a,r,t,m,e,n,t
.,c,o,m,i,s,s,i,o,n
p,s,2
p,u,.,p,u,r,c,h,a,s,e,i,d
m,.,j,o,b,t,i,t,l,e
p,d,2
t,e,m,p,.,c,n,t
m,p,r,.,p,r,o,d,u,c,t,i,d
g,r,a,d,e,_,1,2
p,p,u,r,.,p,r,o,d,u,c,t,i,d
v,i,s,i,t,e,d
p,1,.,t,i,m,e
e,n,r,.,c,r,n
i,n,t,e,r,s,e,c,t
p,r,o,d,c,n,t
x,.,p,h,o,n,e,n,u,m,b,e,r
z
s,a,m,s,u,n,g,.,p,r,o,d,u,c,t,n,a,m,e
m,p,d
p,r,2,.,c,u,s,t,o,m,e,r,i,d
f,.,c,u,s,t,o,m,e,r,i,d,=,b,.,c,u,s,t,o,m,e,r,i,d
s,t,.,c,u,s,t,o,m,e,r,i,d
u,s,e
',a,n,d
b,.,j,o,b,t,i,t,l,e
m,o,n,t,h,l,y
m,.,c,u,s,t,o,m,e,r,i,d
p,c,2,.,p,u,r,c,h,a,s,e,i,d
s,1,.,m,a,x,s,a,l,a,r,y
s,s,.,d,e,p,a,r,t,m,e,n,t
p,2,.,p,r,o,d,u,c,t,i,d,=,p,3,.,p,r,o,d,u,c,t,i,d
d,e,p,a,r,t,m,e,n,t,.,d,e,p,t,i,d,=,e,m,p,l,o,y,e,e,.,d,e,p,t,i,d
c,i,.,d,e,p,a,r,t,m,e,n,t
p,r,o,d,u,c,t,m,a,i,n,i,d
w,e
g,.,p,r,o,d,u,c,t,i,d
p,c,2
p,r,o,.,p,r,o,d,u,c,t,i,d,=,p,u,r,.,p,r,o,d,u,c,t,i,d
c,_,d,e,p,a,r,t,m,e,n,t
v,.,l,a,s,t,n,a,m,e
p,r,o,d,u,c,t,s,_,r,e,l,e,a,s,e,d,_,b,e,f,o,r,e
p,r,o,c,e,s,s,e,d
m,i,n,s,.,c,u,s,t,o,m,e,r,i,d
p,p,2,.,b,r,a,n,d,n,a,m,e
t,e,m,p,.,p
t,a,b,l,e,1
c,2,.,p,h,o,n,e,n,u,m,b,e,r
h,.,c,u,s,t,o,m,e,r,i,d
t,o,t,a,l,s
p,r,i,c,e,_,t,a,b,l,e
p,p,u,r
p,h,o,n,e
e,n,r,o,l,l,m,e,n,t,s,.,c,r,n,=,c,o,u,r,s,e,s,.,c,r,n
s,e,.,f,i,r,s,t,n,a,m,e
b,i,g,s,u,b
c,o,u,.,c,r,n
1,0,0,0,0,0
c,t,s
7,0,0,0,0
t,a,b,l,e,2
',e,s,p,r,e,s,s,o
s,t,u,d,.,l,a,s,t,n,a,m,e
x,.,l,a,s,t,n,a,m,e
e,3,.,e,m,p,n,a,m,e
r,e,a,l,c,o,u,n,t,s,.,p,r,o,d,u,c,t,i,d
p,u,.,m,p,r,i,c,e
d,a,t,a,_,.,t
o,p
c,c,c
a,.,c,d
h,u,g,e,_,t,a,b,l,e
s,a,m,s,u,n,g,c,u,s,t,o,m,e,r,s
l,o,w,e,s,t,p,r,i,c,e,s,.,p,r,o,d,u,c,t,i,d
4,.
m,i,n,_,p,r,i,c,e,.,p,r,o,d,u,c,t,i,d
g,.,n,a,m,e
s,g,1
c,t,r,.,c,u,s,t,o,m,e,r,i,d
p,r,o,d,u,c,t,s,.,p,r,o,d,u,c,t,i,d,=,p,u,r,c,h,a,s,e,s,.,p,r,o,d,u,c,t,i,d
t,b,1,.,c,t
p,r,o,d,u,c,t,i,d,=,p,r,o,d,u,c,t,s,.,p,r,o,d,u,c,t,i,d
c,2,.,f,i,r,s,t,n,a,m,e
a,w,k,2
e,n,d,s
c,l,a,s,s,d,e,p,t
p,r,o,d,1,.,p,r,o,d,u,c,t,i,d
t,e,m,p,.,p,r,e
p,u,r,1,.,p,r,i,c,e
s,d
a,g,b,u,y,e,r,s,.,c,u,s,t,o,m,e,r,i,d
h,a,h,a,h,a
m,a,x,a,n,n,u,a,l,s,a,l,a,r,y
l,o,w,e,s,t
t,.,s,u,m,c,r,e,d,i,t,s
e,n,r,o
r,o,y,a,l,'
c,o,m,b,i,n,e,d
',o,r
y,.,p,r,o,d,u,c,t,i,d
s,1,.,d,e,p,a,r,t,m,e,n,t
z,z
c,l,a,s,s,e,s,.,n,e,t,i,d
g,.,p,r,i,c,e
a,v,g,_,s,a,l,s
g,.,g,r,a,d,e,=,1,5
f,i,n,a,l,.,p,r,o,d,u,c,t,n,a,m,e
t,e,m,p,2,.,d,e,p,a,r,t,m,e,n,t
p,.,p,r,i,c,e,=,m
e,m,p,l,o,y,e,e,.,e,m,p,i,d
e,n,.,n,e,t,i,d
f,r,e,.,f,r,e,q,u,e,n,c,y
n,e,w,.,c
p,r,o,d,u,c,t,i,d,=,p,.,p,r,o,d,u,c,t,i,d
c,o,u,r,s,e,s,.,d,e,p,a,r,t,m,e,n,t,=,',c,s,'
t,h,i,n,g
c,1,.,c,r,n
p,.,p,r,o,d,u,c,t,i,d,=,p,1,.,p,r,o,d,u,c,t,i,d
n,m,.,c,u,s,t,o,m,e,r,i,d
c,s,t,a,k,i,n,g,s,t,u,d,e,n,t,s
s,u,p,p,o,r,t,'
c,i
c,c,.,p,h,o,n,e,n,u,m,b,e,r
p,r,i,c,e,_,t,a,b,l,e,.,l,o,w,e,s,t
p,.,p,r,o,d,u,c,t,i,d,=,p,u,r,.,p,r,o,d,u,c,t,i,d
p,.,d,r,i,n,k
p,5,.,b,p,r,o,d,u,c,t,i,d
m,i,d,x,.,p,r,o,d,u,c,t,i,d
d,1,.,d,e,p,t,i,d
t,.,l,a,s,t,n,a,m,e
',c,a,p,p,u,c,c,i,n,o,'
p,u,r,.,p,u,r,c,h,a,s,e,i,d
s,u,b,_,q,u
p,r,r,.,p,r,o,d,u,c,t,i,d
d,p,t,.,d,e,p,t,n,a,m,e
g,r,a,b,s
n,u,m,b,o,u,g,h,t
m,t
p,p,p,.,b,r,a,n,d,n,a,m,e
t,.,s,u
p,r,i,o,r,.,p,r,o,d,u,c,t,i,d
c,u,s,.,l,a,s,t,n,a,m,e
p,c,2,.,c,u,s,t,o,m,e,r,i,d
b,.,d,e,p,a,r,t,m,e,n,t
s,t,.,n,e,t,i,d
t,e,m,p,.,n,a,m,e
m,i,n,p,r,i,c,e,t,a,b,l,e,.,m,p,r,i,c,e
p,.,c,u,s,t,o,m,e,r,i,d,=,c,u,s,t,o,m,e,r,s,.,c,u,s,t,o,m,e,r,i,d
e,c,.,n,e,t,i,d
e,n,r,o,l,l,m,e,n,t,s,.,s,c
x,.,m,a,n,a,g,e,r,i,d
c,r,e,d,i,t,s,s,u,m
s,u,b,.,c,u,s,t,o,m,e,r,i,d
d,e,p,t,.,d,e,p,a,r,t,m,e,n,t
o,r,d,e,r,e,d,_,t,a,b,l,e
m,i,n,p,r,o,.,m,i,n,p,r,i,c,e
c,4,.,c,u,s,t,o,m,e,r,i,d
m,i,n,p,u,r
x,.,m
s,e,.,n,e,t,i,d
q,.,p,r,o,d,u,c,t,i,d
m,i,n,_,i,d
p,c,2,.,p,r,o,d,u,c,t,i,d
t,b,1,.,c,t,",",0
t,.,m,i,n,_,p,r,i,c,e
s,t,u,d,e,n,t,w,o,r,k,l,o,a,d,s,.,t,o,t,a,l,c,r,e,d,i,t,s
p,u,r,2,.,p,r,i
t,h,a,n
h,o,u,r,s,.,c,r,e
c,s,1
c,s,.,f,i,r,s,t,n,a,m,e
p,r,2,.,b,r,a,n,d,n,a,m,e,=
s,u,b,q
b,t,.,c,u,s,t,o,m,e,r,i,d
a,n,s
e,2,.,a,n,n,u,a,l,s,a,l,a,r,y
e,.,p,r,o,d,u,c,t,i,d
c,n,t,.,c,o,u,n,t,1
i,c,.,n,e,t,i,d
k
s,t,o,t,c,.,t,c
q,.,b,r,a,n,d,n,a,m,e
a,.,s,u,m,_,c,r,e,d,i,t,s
p,r,o,d,u,c,t,c,o,u,n,t,s
s,.,f,i,r,s,t,n,a,m,e,=
1,1,0
p,d,1
d,e,p,.,d,e,p,t,i,d
e,.,j,o,b,t,i,t,l,e,=,',s,a,l,e,s
p,r,o,d,u,c,t,c,o,u,n,t
p,b,.,c,u,s,t,o,m,e,r,i,d
d,.,d,e,p,t,l,o,c,a,t,i,o,n,=
g,.,m,i,n,s,a,l,a,r,y
p,u,r,c,h,a,s,e,a,m,o,u,n,t
x,.,f,i,r,s,t,n,a,m,e
p,r,2,.,y,e,a,r,r,e,l,e,a,s,e,d
m,p,d,.,p,r,o,d,u,c,t,n,a,m,e
m,i,n,_,t,a,b,l,e
b,t
a,.,t,o,t,a,l
n,e,w,t
t,.,m,i,n,p,r,i,c,e
p,0,.,c,u,s,t,o,m,e,r,i,d
c,r
m,i,n,p,u,r,.,p,r,o,d,u,c,t,i,d
o,p,.,p,r,o,d,u,c,t,i,d
t,3
x,1
h,u,g,e,_,t,a,b,l,e,.,c,_,d,e,p,a,r,t,m,e,n,t
e,c,e,m,a,j,o,r,s,.,f,i,r,s,t,n,a,m,e
p,c,.,c,n,t
x,.,p
e,a,c,h
p,r,.,p,r,i,c,e
p,r,e,v,p,r,o,d
t,m,p,.,c,n
s,e,e
p,u,r,r,.,c,u,s,t,o,m,e,r,i,d
c,t,.,p,h,o,n,e,n,u,m,b,e,r
',p,r,i,c,e
e,e,.,e,m,p,i,d
y,r,1
s,a,l,.,m,a,x,s,a,l,a,r,y
/,*
t,1,.,l,a,s,t,n,a,m,e
t,e,m,p,.,n,u,m
g,r,a,d,e,_,1,2,.,m,i,n,s,a,l,a,r,y
r,p,.,c,u,s,t,o,m,e,r,i,d
t,.,p,r,o,d,u,c,t,i,d,=,p,2,.,p,r,o,d,u,c,t,i,d
p,u,r,c,1,.,p,r,o,d,u,c,t,i,d,=,p,r,o,d,1,.,p,r,o,d,u,c,t,i,d
c,a,.,l,a,s,t,n,a,m,e
l,.,d,r,i,n,k
a,.,d,e,p,t,n,a,m,e
s,t,a,r,t,s
n,e,w,_,t,a,b,l,e
e,2,.,s,a,l,a,r,y,*,e,2,.,c,o,m,i,s,s,i,o,n
n,a,m,e,s
s,1,.,l,a,s,t,n,a,m,e
a,1,.,b,r,a,n,d,n,a,m,e
p,c,1,.,p,r,o,d,u,c,t,i,d
p,c,h,.,c,u,s,t,o,m,e,r,i,d
a,1
c,o,n,d,.,p,i,d
p,r,e,v,p,r,o,d,u,c,t,s
e,m,.,e,m,p,i,d
b,n,1
c,r,e,d,i,t,t,a,b,l,e,.,f,i,r,s,t,n,a,m,e
e,i,.,n,e,t,i,d
p,r,e,.,y,e,a,r,r,e,l,e,a,s,e,d
s,t,u,d,e,n,t,c,r,e,d,i,t,.,t,o,t,a,l,c,r,e,d,i,t
',s,a,m,s,u,n,g,',a,n,d
o,.,y,e,a,r,r,e,l,e,a,s,e,d
t,e,m,p,2,.,b,r,a,n,d,n,a,m,e
w,h,y
l,o,w,e,s,t,_,p,r,i,c,e,.,p,r,i,c,e
r,e,s,u,l,t,.,m,a,x,s,a,l,a,r,y
m,t,.,p,r,o,d,u,c,t,i,d
c,u,s,t,1
g,i,v,e,n
a,l,s,o
e,2,.,n,e,t,i,d
c,p
t,e,m,p,.,t,c,r,e,d,i,t,s
m,i,n,_,p,r,i,c,e,.,p,r,i,c,e
h,o,h,o,.,l,a,s,t,n,a,m,e
t,.,c,r,r,n
e,m,p,.,a,n,n,u,a,l,s,a,l,a,r,y,/,1,2
c,r,e,d
m,u,l
h,e,l,p
c,p,.,c,u,s,t,o,m,e,r,i,d
a,n,y,t,h,i,n,g
r,e
c,a,o,.,s,h,a,b,i
c,o,u,2
d,e,p
p,r,*,/
p,c,c,.,c,u,s,t,o,m,e,r,i,d
p,2,.,p,u,r,c,h,a,s,e,i,d
c,o,u,n,t,e,d
b,.,p,u,r,c,h,a,s,e,i,d
e,.
d,a,t,a
j,o,b,t,i,t,l,e,=
p,r,o,d,2,.,p,r,o,d,u,c,t,n,a,m,e
c,u,s,t,p,u,r,c,h,a,s,e,s
d,.,p,h,o,n,e,n,u,m,b,e,r
c,s,c,o,u,r,s,e,s,.,c,r,n
t,e,m,p,2,.,d
d,2,.,p,r,o,d,u,c,t,i,d
5,'
a,n,n,u,a,l,s,a,l,a,r,y,/,1,2
o,l,d,_,t,a,b,l,e,.,s,u,m
9,4,0,0,0
t,.,t,o,t,a,l,c,r,e,d,i,t,s
c,u,r,r,.,p,r,o,d,u,c,t,i,d
x,.,p,r,o,d,u,c,t,i,d
s,a,l,.,g,r,a,d,e,=,1,5
s,t,u,d,e,n,t,_,t,a,k,i,n,g,_,c,s,_,c,l,a,s,s,.,n,e,t,i,d
p,r,o,d,u,c,t,i,n,f,o
d,.,d,e,p,t,n,a,m,e,=,',s,a,l,e,s
n,m,.,f,i,r,s,t,n,a,m,e
m,e,r,g,e,.,c,o,u,r,s,e
p,0
g,r,a,d,e,_,1,5
f,n
c,u,r,.,p,r,o,d,u,c,t,n,a,m,e
",",1
s,.,n,e,t,i,d,=,s,t,o,t,c,.,n,e,t,i,d
d,.,s,a,l,a,r,y
p,o,.,p,r,o,d,u,c,t,i,d
t,e,m,p,.,p,i
g,r,a,d,e,_,1,3
t,1,.,c,u,s,t,o,m,e,r,i,d
p,u,r,c,h,.,p,r,i,c,e
o,l,d
s,t,u,d,e,n,t,c,r,e,d,i,t,.,n,e,t,i,d
t,e,m,p,3
s,a,m,s,u,n,g,.,c,u,s,t,o,m,e,r,i,d
t,h,e,r,e
j,o,i,n,e,d,.,n,e,t,i,d
d,.,p,p,r,i,c,e
t,.,l,n
p,2,.,m,i,n
p,1,1,.,p,r,o,d,u,c,t,i,d
c,u,r,.,b,r,a,n,d,n,a,m,e
q,.,i,d
b,r,a,n,d,n,a,m,e,=,c,u,r,r,e,n,t,.,b,r,a,n,d,n,a,m,e
p,d,1,.,b,r,a,n,d,n,a,m,e
p,u,r,.,p,r,o,d,u,c,t,i,d,=,p,r,o,.,p,r,o,d,u,c,t,i,d
d,a,t,a,_,.,f,i,r,s,t,n,a,m,e
c,u,r,.,y,e,a,r,r,e,l,e,a,s,e,d
r,e,s,u,l,t
i,p,.,p,r,i,c,e
c,u,r,r,e,n,t,.,b,r,a,n,d,n,a,m,e
g,r,a,d,e,_,1,5,.,m,a,x,s,a,l,a,r,y
d,1,.,c,u,s,t,o,m,e,r,i,d
=,1,2
l,o,l,.,z
p,r,i,c,e,_,t,a,b,l,e,.,p,r,o,d,u,c,t,i,d
e,1,.,a,n,n,u,a,l,s,a,l,a,r,y
p,6,.,p,r,o,d,u,c,t,n,a,m,e
s,.,n,e,t,i,d,=,n,e,t,i,d
s,.,d,e,p,a,r,t,m,e,n,t,=
m,p,d,.,b,r,a,n,d,n,a,m,e
m,y,_,t,e,m,p
p,r,e,.,b,r,a,n,d,n,a,m,e
/,*,*
p,5,.,c,u,s,t,o,m,e,r,i,d
m,i,n,p,r,i,c,e,p,u,r,c,h,a,s,e,s
t,a,b,l,e,2,.,p,r,o,_,n,a,m,e
c,u,s,t,o,m,e,r,r,e,c,e,i,p,t
a,l,i,a,s,.,t,o,t,a,l
m,i,n,p,r,i,c,e,t,a,b,l,e
f,i,r
p,r,o,d,2,.,b,r,a,n,d,n,a,m,e,=,',a,p,p,l,e
t,e,m,p,1,.,n,e,t,i,d
c,a,f,e,.,n,a,m,e,=,f,r,e,q,u,e,n,t,s,.,c,a,f,e
m,i,n,p,e,e,p,s,.,c,u,s,t,o,m,e,r,i,d
c,n,.,c,r,n
p,u,r,c,h,a,s,e,a,m,o,u,n,t,m,a,p,p,i,n,g
e,c,e,s,t,u,e,n,r,o,l,l
s,t,u,d,e,n,t,w,o,r,k,l,o,a,d,s,.,n,e,t,i,d
p,r,o,d,u,c,t,s,_,a,n,d,_,c,u,s,t,o,m,e,r,s
x,x,x,.,p,r,o,d,u,c,t,i,d
c,u,s,1,.,p,h,o,n,e,n,u,m,b,e,r
p,u,r,c,h,a,s,e,c,o,u,n,t
a,n,o,t,h,e,r
c,2,.,c,r,n
w,i,l,l
m,i,n,p,r,i,c,e,.,p,r,i,c,e
t,a,b,l,e,_,n,a,m,e
c,o,u,r,s,e,s,.,d,e,p,a,r,t,m,e,n,t,=
t,m,p,.,p,r,o,d,u,c,t,i,d
t,m,p,2
e,c,e,.,f,i,r,s,t,n,a,m,e
m,a,d,e
b,u,t
p,u,r,c,h,a,s,e,s,3
y,.,b,r,a,n,d,n,a,m,e
c,h,e,a,p,e,s,t,.,p,r,i,c,e
n,',t
a,.,m,a,n,a,g,e,r,i,d
w,o,u,l,d
e,.,p
e,e,.,c,r,n
p,u,r,0
p,6,.,c,t,s
p,u,r,c,h,a,s,e,s,.,c,u,s,t,o,m,e,r,i,d,=,c,.,c,u,s,t,o,m,e,r,i,d
p,2,.,b,r,a,n,d,n,a,m,e,=,',g,o,o,g,l,e
r,e,a,l,c,o,u,n,t,s
v,.,d,e,p,a,r,t,m,e,n,t
s,a,m,s,u,n,g,b,u,y,e,r,s,.,p,h,o,n,e,n,u,m,b,e,r
m,i,n,c
a,m,o,u,n,t
l,a,s
1,0,=,4
m,.,p,r,o,d,u,c,t,n,a,m,e
a,v,g,_,s,a,l,s,.,m,a,n,a,g,e,r,i,d
t,h,e,c,o,u,n,t,e,r
7,0,0,0,*,1,2
m,i,n,s,.,p,r,o,d,u,c,t,i,d
e,e,.,e,m,p,n,a,m,e
p,c,h,.,p,r,o,d,u,c,t,i,d
t,.,p,r,i,c,e
f,.,c,a,f,e
t,e,m,p,.,b,r,a,n,d,n,a,m,e
p,r,o,d,u,c,t,c,o,u,n,t,s,.,t,o,t,a,l
m,y,_,s,u,m
e,c,e,s,t,u,d,e,n,t,s
t,o,t,a,l,.,p,r,o,d,u,c,t,i,d
p,t,.,b,r,a,n,d,n,a,m,e
c,n
l,e,a,s,t
s,t,.,i,d
n,u,m,b,e,r,s,.,p,r,o,d,u,c,t,n,a,m,e
p,e,r,f,o,r,m,i,n,g
p,r,o,.,b,r,a,n,d,n,a,m,e,=,',a,p,p,l,e
c,s,1,.,c,u,s,t,o,m,e,r,i,d
s,2,.,d,e,p,a,r,t,m,e,n,t,=,',e,c,e
e,i
n,u,m,p,r,o,d,u,c,t,s,.,n,a,m,e
m,i,n,s,.,m,i,n,p,r,i,c,e
e,1,.,j,o,b,t,i,t,l,e
p,1,.,b,r,a,n,d,n,a,m,e,=,',s,a,m,s,u,n,g
',h,a,r,r,y
a,.,c,r,e,d,i,t,s
n,e,w,_,t,a,b,l,e,.,p,r,o,d,u,c,t,i,d,=,o,l,d,_,t,a,b,l,e,.,p,r,o,d,u,c,t,i,d
c,r,e,d,i,t,s,.,n,e,t,i,d
a,t,t,e,m,p,t
c,t,r,.,c,t
w,a,n,t
e,c,e,s,t,u,e,n,r,o,l,l,.,c,r,n
d,.,m,a,n,a,g,e,r,i,d
b,t,.,f,i,r,s,t,n,a,m,e
f,.,m,a,n,a,g,e,r,i,d
c,x,.,c,u,s,t,o,m,e,r,i,d,=,p,x,.,c,u,s,t,o,m,e,r,i,d
t,a,k,e
',o,p,e,r,a,t,i,o,n,s
p,i,.,c,u,s,t,o,m,e,r,i,d
s,a,l
e,c,e,m,a,j,o,r,s
b,.,c,r,n
s,a,l,a,r,y,*
b,r,a,n,d,n,a,m,e,=,b,.,b,r,a,n,d,n,a,m,e
e,n,r,o,c,o,u,r
e,s,.,l,a,s,t,n,a,m,e
n,e,t,i,d,=,s,t,u,d,e,n,t,s,.,n,e,t,i,d
e,m,p,l,o,y,e,e,s
9
b,r,a,n,d,n,a,m,e,=,',a,p,p,l,e,',o,r
b,.,e,m,p,n,a,m,e
c,u,r,r,.,b,r,a,n,d,n,a,m,e
p,2,.,p,r,i,c,e,=,m,i,n,_,p,r,i,c,e
c,u,.,l,a,s,t,n,a,m,e
o,r,i,p
c,r,d
q,u,a,l,i,f,i,e,d,c,u,s,t,o,m,e,r,s
a,.,e,m,p,n,a,m,e
p,n
:
e,c,e,s,t,u,d
c,o,r,r,e,s,p,o,n,d,s
a,.,s,u,m,_,c,r,e,d,i,t
p,_,m,i,n
p,u,r,c,h,_,2,.,p,r,i,c,e
p,_,m,i,n,.,p,r,i,c,e
s,.,m,a,x,a,n,n,u,a,l,s,a,l,a,r,y
t,e,m,p,.,p,r,i,c,e
s,2,.,f,i,r,s,t,n,a,m,e
p,r,i,o,r
b,.,m,i,n,_,p,r,i,c,e
p,.,y,r
b,.,m,i,n,p,r,i,c,e
o,u,t,p,u,t,.,f,i,r,s,t,n,a,m,e
p,r,o,2,.,p,r,o,d,u,c,t,i,d
u,s,i,n,g
p,.,p,r,i,c,e,=
t,b,4,.,b,r,a,n,d,n,a,m,e
b,t,.,r,e,s,u,l,t
b,i,g,s,u,b,.,c,t,t
t,2,.,b,r,a,n,d,n,a,m,e
n,a,m,e,2
p,1,.,p,r,o,d,u,c,t,i,d,=,p,2,.,p,r,o,d,u,c,t,i,d
a,a,a
a,p,.,c,u,s,t,o,m,e,r,i,d
b,r,a,n,d,s,.,b,r,a,n,d,n,a,m,e
p,r,o,.,y,e,a,r,r,e,l,e,a,s,e,d
f,i,n,a,l
a,v,g,_,s,a,l,s,.,a,v,g,_,s,a,l,a,r,y
p,1,i,d
n,i,m,a
y,e,a,r,r,e,l,e,a,s,e
o,r,i,p,.,b,r,a,n,d,n,a,m,e
t,e,m,p,.,s,c
t,e,m,p,.,p,r,o,d,u,c,t,i,d
e,1,.,m,a,n,a,g,e,r,i,d
y,r
c,r,e,d,i,t,t,a,b,l,e
n,u,m,c,u,s,t
n,e,w,.,b,r,a,n,d,n,a,m,e
p,4,.,f,i,r,s,t,n,a,m,e
t,o,t,a,l,s,.,c,u,s,t,o,m,e,r,i,d,=,c,.,c,u,s,t,o,m,e,r,i,d
l,o,w,e,s,t,p,r,i,c,e,s
p,r,a,.,b,r,a,n,d,n,a,m,e
t,.,c,r,e,d,s
e,m,p,l,o,y,e,e,.,m,a,n,a,g,e,r,i,d
a,b,o,v,e
t,e,m,p,.,t,o,t,a,l
t,.,d,e,p,a,r,t,m,e,n,t
c,u,s,t,1,.,f,i,r,s,t,n,a,m,e
d,3,.,p,r,o,d,u,c,t,i,d
p,r,d,1
p,s,1
b,r,a,n,d,n,a,m,e,=,',g,o,o,g,l,e
t,2,.,p,r,o,d,u,c,t,i,d
l,o,l
b,e,c,a,u,s,e
p,u,r,c,h,a,s,e,s,.,p,r,o,d,u,c,t,i,d,=,p,r,o,d,u,c,t,s,.,p,r,o,d,u,c,t,i,d
t,b
p,o,o,r,p,e,o,p,l,e
d,e,p,a,r,t,m,e,n,t,=,',c,s,'
s,a,l,.,g,r,a,d,e
d,e,p,.,d,e,p,t,n,a,m,e
t,1,.,n,e,t,i,d
e,n,r,2,.,n,e,t,i,d
n,u,m,p,u,r,c,h,a,s,e,s,.,c,u,s,t,o,m,e,r,i,d
d,.,b,r,a,n,d,n,a,m,e
t,1,.,f,i,r,s,t,n,a,m,e
g,.,c,r,e,d,i,t,s
t,b,4,.,c,u,s,t,o,m,e,r,i,d
n,e,t,i,d,_,c,o,u,r,s,e,d,e,p
e,m,p,.,c,o,m,i,s,s,i,o,n
e,e,.,c,r,n,=,c,c,.,c,r,n
i,n,s,i,d,e,.,b,r,a,n,d,n,a,m,e
f,r,e
p,r,o,d,u,c,t,s,b,e,f,o,r,e,.,b,r,a,n,d,n,a,m,e
p,o
t,e,m,p,.,p,u,r,c,h,a,s,e,i,d
n,a,m,e,w,i,t,h,c,o,u,n,t,.,t,h,e,c,o,u,n,t,e,r
c,.,c,u,s,t,o,m,e,r,i,d,=,p,1,.,c,u,s,t,o,m,e,r,i,d
s,e,.,d,e,p,a,r,t,m,e,n,t
s,a,l,.,m,i,n,s,a,l,a,r,y
t,1,.,d,e,p,a,r,t,m,e,n,t
d,e,p,s,o,f,s,t,u,d,e,n,t,s,.,n,e,t,i,d
a,l,i,a,s,.,f,i,r,s,t,n,a,m,e
t,.,c,r,n
b,e,l,o,w
c,x,.,f,i,r,s,t,n,a,m,e
s,a,l,a,r,y,_,a,f,t,e,r,_,c,o,m,m,i,s,i,o,n
r,3,.,b,r,a,n,d,n,a,m,e
c,r,e,d,i,t,s,u,m
a,w,k,2,.,y,e,a,r,r,e,l,e,a,s,e,d
a,.,b,r,a,n,d,n,a,m,e,=,b,.,b,r,a,n,d,n,a,m,e
e,.,c,r,e,d,i,t,s,u,m
b,c
h,a,s
h,2,.,p,r,o,d,u,c,t,i,d
x,x,x,.,p,r,o,d,u,c,t,n,a,m,e
h,r
p,l,u,s
p,1,.,c,u,s,t,o,m,e,r,i,d,=,c,.,c,u,s,t,o,m,e,r,i,d
e,n,r,o,c,o,u,r,.,n,e,t,i,d
q,u,a,l,i,f,i,e,d,c,u,s,t,o,m,e,r,s,.,c,u,s,t,o,m,e,r,i,d
s,.,n,e,t,i,d,=,h,r,.,n,e,t,i,d
b,.,d,e,p,t,i,d
n,u,m,p,u,r,c,h,a,s,e,s,b,y,c,u,s,t,o,m,e,r,.,c,u,s,t,o,m,e,r,i,d
p,u,r,c,h,a,s,e,s,2
d,e,p,s,o,f,s,t,u,d,e,n,t,s,.,d,e,p,a,r,t,m,e,n,t
c,o,m,m,i,s,i,o,n
c,o,m,i,s,s,i,o,n,*,s,a,l,a,r,y
p,u,r,c,h,a,s,e,s,.,p,r,o,d,u,c,t,i,d,=,p,.,p,r,o,d,u,c,t,i,d
p,u,r,c,1
e,v,e,r,y
h,o,u,r,s,.,n,e,t,i,d
c,o,u,r
t,e,m,p,1,.,c,r,n
p,h,o,n,e,n,u,m,b,e,r,=
t,b,3
t,h,e,c,o,u,n,t
f,r,e,q,u,e,n,c,y
m,i,n,i,m,u,m
e,2,.,c,r,n,=,c,2,.,c,r,n
c,t,.,f,i,r,s,t,n,a,m,e
c,u,r,r,_,p,r,o,d
o,u,t,p,u,t,.,l,a,s,t,n,a,m,e
p,.,c,n,t
p,4,.,c,u,s,t,o,m,e,r,i,d
y,o,u
s,.,g,r,a,d,e,=,1,3
|,|
c,o,n,d,.,c,n,t
a,w,k,1,.,b,r,a,n,d,n,a,m,e
s,o,m,e,w,h,e,r,e
a,b
s,g,1,.,g,r,a,d,e
p,u,r,c,h,.,c,u,s,t,o,m,e,r,i,d
e,3
o,l,d,e,r,p,r,o,d,u,c,t,s
t,b,1
m,a,t,h,e,s
/,*,s,e,l,e,c,t
p,c,4,.,p,u,r,c,h,a,s,e,i,d
e,e,.,n,e,t,i,d
c,x
c,.,c,r,n,=,e,.,c,r,n
t,b,4
i,n,s,i,d,e
c,o,u,r,s,e,_,d,e,p,t,_,t,a,b,l,e
g,.,g,r,a,d,e
p,r,e
1,0,0,0,0,.,0
h,.,p,r,o,d,u,c,t,i,d
s,m
',s,t,u,d,e,n,t
=,',t,',a,n,d
e,c,e,.,l,a,s,t,n,a,m,e
c,u,r,r,.,p,r,o,d,u,c,t,n,a,m,e
t,o,t,a,l,c
p,d,2,.,p,r,o,d,u,c,t,i,d
p,5,.,p,r,o,d,u,c,t,i,d
0,*,/
m,i,n,c,.,c,u,s,t,o,m,e,r,i,d
p,1,2,.,b,r,a,n,d,n,a,m,e
c,o,u,r,s,e,d,e,p,t
o,p,.,p,r,i,c,e
t,o,t,a,l,.,t,o,t,a,l,c,r,e,d,i,t,s
',m
p,t,.,p,r,o,d,u,c,t,n,a,m,e
p,r,o,d,1,.,y,e,a,r,r,e,l,e,a,s,e,d
e,2,.,c,r,n
s,t,.,d,e,p,a,r,t,m,e,n,t
m,i,n,e
p,r,.,p,u,r,c,h,a,s,e,i,d
j,o,i,n,e,d,.,d,e,p,a,r,t,m,e,n,t
h,u,g,e,_,t,a,b,l,e,.,l,a,s,t,n,a,m,e
p,u,2,.,p,r,i,c,e
t,e,m,p,.,m,i,n,p,r,i,c,e
c,o,u,n,t,c,u,s,t,o,m,e,r
a,.,t,o,t,a,l,p,u,r,c,h,a,s,e,s
p,u,r,c,h,a,s,e,c,o,u,n,t,.,n,u,m,p,u,r,c,h,a,s,e,s
m,i,n,_,p,r,i,c,e,_,t,a,b,l,e
s,a,m,s,u,n,g,b,u,y,e,r,s,.,c,u,s,t,o,m,e,r,i,d
b,b,b
t,e,m,p,.,m,a,n,a,g,e,r,i,d
=,s,a,l,.,m,a,x,s,a,l,a,r,y
t,.,s,m
o,u,t,p,u,t
e,c,.,d,e,p,a,r,t,m,e,n,t
e,.,p,r,i,c,e
q,u,e,r,y
c,a,f,e,n,a,m,e
m,p,r
c,u,s,t,i,d
=,1,0,0,0,0
t,c,r,e,d,i,t,s
p,b,.,p,r,i,c,e
t,m,p,.,a,v,g,s,a,l,a,r,y
e,i,.,c,r,n
e,n,r,o,l,l,m,e,n,t,s,.,n,e,t,i,d,=,s,t,u,d,e,n,t,s,.,n,e,t,i,d
',r,e
b,i,g,s,u,b,.,l,a,s
d,.,y,e,a,r,r,e,l,e,a,s,e,d
t,h,e,y
p,p,p,.,p,r,i,c,e
c,s,.,c,u,s,t,o,m,e,r,i,d
b,1
a,s,k
c,o,n,d,i,t,i,o,n,s
c,1,.,c,u,s,t,o,m,e,r,i,d,=,p,u,r,c,1,.,c,u,s,t,o,m,e,r,i,d
p,c,h
p,r,o,d,2,.,b,r,a,n,d,n,a,m,e,=,',g,o,o,g,l,e,'
b,r,a,n,d,n,a,m,e,=,',s,a,m,s,u,n,g
p,b
4,.,0,'
b,1,.,b,r,a,n,d,n,a,m,e
=,s,t,u,d,e,n,t,s,.,d,e,p,a,r,t,m,e,n,t
p,c,1
i,c,.,d,e,p,a,r,t,m,e,n,t
s,u,b,s,t,r
i,p,.,p,r,o,d,u,c,t,i,d
p,p,r,i,c,e
a,.,c,r,e,d,s
d,.
l,o,w,e,r
b,t,.,c,r,e,d,i,t,s
p,d,.,p,r,o,d,u,c,t,n,a,m,e
c,o,n,d,i,t,i,o,n,s,.,c,u,s,t,o,m,e,r,i,d
m,o,r,e
h,e,l,p,1
p,.,p,r,o,d,u,c,t,i,d,=,p,r,o,d,u,c,t,i,d
+
c,s,1,.,p,h,o,n,e,n,u,m,b,e,r
t,.,t,o,t,a,l
t,m,p,.,d,e,p,a,r,t,m,e,n,t
p,.,b,r,a,n,d,n,a,m,e,=,r,.,b,r,a,n,d,n,a,m,e
j,o,i,n,e,d,.,p,r,o,d,u,c,t,i,d
d,e,p,t,.,d,e,p,a,r,t,m,e,n,t,i,d,*,/
f,.,p,u,r,c,h,a,s,e,i,d
l,.,l,a,s,t,n,a,m,e
b,.,p,h,o,n,e,n,u,m,b,e,r,-,4
c,3,.,f,i,r,s,t,n,a,m,e
t,e,m,p,.,l,a,s,t,n,a,m,e
t,m,p,2,.,c,u,s,t,o,m,e,r,i,d
p,u,r,c,h,a,s,e,c,o,u,n,t,s
n,e,w,.,y,e,a,r,r,e,l,e,a,s,e,d
t,.,b,r,a,n,d,n,a,m,e
s,t,.,l,a,s,t,n,a,m,e
g,.,c,u,s,t,o,m,e,r,i,d
p,i,d
m,.,f,i,r,s,t,n,a,m,e
d,2,.,d,e,p,t,i,d
o
e,m,p,2
c,.,a,d,d,r
i,n,s,i,d,e,.,y,e,a,r,r,e,l,e,a,s,e,d
.,c,u,s,t,o,m,e,r,i,d
b,.,t,i,m,e,s
c,l,a,u,s,e
c,2,.,d,e,p,a,r,t,m,e,n,t,=,',c,s,'
d,a,t,a,_
e,m,p,2,.,s,a,l,a,r,y
p,s,.,b,r,a,n,d,n,a,m,e
i,d,=
o,l,d,.,p,r,o,d,u,c,t,i,d
p,i
e,.,t,c,h
e,m,p,.,d,e,p,t,i,d,=,d,e,p,t,.,d,e,p,t,i,d
s,e
p,r,1,.,y,e,a,r,r,e,l,e,a,s,e,d
l,o,w,e,s,t,_,p,r,i,c,e
e,c,e,m,a,j,o,r,s,.,n,e,t,i,d
a,v,g,_,s,a,l,a,r,y
i,s
n,a,m,e,m,a,t,c,h,e,s
c,s,_,n,e,t,i,d,s
t,.,c,r,e,d,i,t,s,u,m
b,t,.,n,e,t,i,d
c,.,p,r,o,d,u,c,t,i,d
n,e,w,t,a,b,l,e
o,t,h,e,r,.,c,u,s,t,o,m,e,r,i,d
s,t,.,c,t,s
m,a,n,a,g,e,r,'
n,u,l,l,_,c,h,e,c,k
t,e,m,p,1,.,m,i,n,p,r,i,c,e
i,f
e,.,j,o,b,t,i,t,l,e,=
m,.,y,e,a,r,r,e,l,e,a,s,e,d
d,e,p,t,f,r,e,q
t,m,p,3,.,c,u,s,t,o,m,e,r,i,d
c,o,u,n,t,_,b,e,f,o,r,e
e,.,d,e,p,t,n,a,m,e
n,o,w
p,u,m
s,.,p,r,i,c,e
s,h,a,b,i
p,.,b,n
b,o,u,g,h,t
l,.,c,u,s,t,o,m,e,r,i,d
b,e,n,c,h,m,a,r,k
c,.,p,h,o,n,e,n,u,m,b,e,r,",",1,0
s,c,.,p,r,o,d,u,c,t,n,a,m,e
c,i,.,c,r,n
s,t,r,a,n,g,e,.,c,u,s,t,o,m,e,r,i,d
p,r,o,_,n,a,m,e
d,3,.,p,r,o,d,u,c,t,n,a,m,e
p,5
l,i,m,i,t
d,.,d,e,p,t,n,a,m,e,=
n,o,w,.,p,r,o,d,u,c,t,n,a,m,e
+,1
p,1,.,b,r,a,n,d,n,a,m,e,=,p,2,.,b,r,a,n,d,n,a,m,e
s,g,1,.,m,i,n,s,a,l,a,r,y
t,o,t,a,l,_,p,u,r,c,h,a,s,e
t,2,.,y,e,a,r,r,e,l,e,a,s,e,d
h,r,.,s,m
n,m
p,2,.,b,r,a,n,d,n,a,m,e,=,',s,a,m,s,u,n,g
f,u,n,c,t,i,o,n
t,e,m,p,.,m,a,x,s,a,l,a,r,y
s,a,m,s,u,n
m,i,n,p,r,o,.,p,r,o,d,u,c,t,i,d
s,s,.,l,a,s,t,n,a,m,e
c,c,.,d,e,p,a,r,t,m,e,n,t,=,',c,s
a,.,c,r,n
=,i,d
',n,e,w
m,i,n,t
c,u,s,t,o,m,e,r,r,e,c,e,i,p,t,.,c,u,s,t,o,m,e,r,i,d
t,e,m,p,2,.,c,u,s,t,o,m,e,r,i,d
e,m,p,.,d,e,p,t,i,d,=,d,.,d,e,p,t,i,d
c,u,s,1,.,c,u,s,t,o,m,e,r,i,d
c,u,s,t,o,m,e,r,s,.,c,u,s,t,o,m,e,r,i,d,=,p,u,r,c,h,a,s,e,s,.,c,u,s,t,o,m,e,r,i,d
n,m,.,l,a,s,t,n,a,m,e
q,.,y,e,a,r,r,e,l,e,a,s,e,d
e,s,.,n,e,t,i,d
e,g,.,n,e,t,i,d
p,c,1,.,c,u,s,t,o,m,e,r,i,d
f,i,l,t,e,r,i,n,g
c,2,.,d,e,p,a,r,t,m,e,n,t
t,e,m,p,.,c,r,e,d,i,t,s
e,n,r,o,.,c,r,n
s,t,u,d,e,n,t,_,t,a,k,i,n,g,_,c,s,_,c,l,a,s,s
e,e,.,j,o,b,t,i,t,l,e
e,c,e,m,a,j,o,r,s,.,l,a,s,t,n,a,m,e
c,u,s,t,o,m,e,r,i,d,=,c,.,c,u,s,t,o,m,e,r,i,d
o,u,t,p,u,t,.,c,u,s,t,o,m,e,r,i,d
s,t,h
n,u,m,b,e,r,_,p,r,o,d,u,c,t,_,r,e,l,e,a,s,e,_,e,a,r,l,y
s,u,b,.,t,o,t,a,l
_,p,c,o,u,n,t
=,',c,s
p,d,.,b,r,a,n,d,n,a,m,e
e,.,p,u,r,c,h,a,s,e,i,d
4,.,0
e,1,.,d,e,p,t,i,d
d,3,.,b,r,a,n,d,n,a,m,e
c,.,c,u,s,t,o,m,e,r,i,d,=,o,.,c,u,s,t,o,m,e,r,i,d
s,.,m,i,n,a,n,n,u,a,l,s,a,l,a,r,y
c,.,b,r,a,n,d,n,a,m,e
p,d,2,.,b,r,a,n,d,n,a,m,e
t,c,h
f,i,n,a,l,.,b,r,a,n,d,n,a,m,e
p,.,p,r,o,d,u,c,t,i,d,=,p,s,.,p,r,o,d,u,c,t,i,d
s,s,.,f,i,r,s,t,n,a,m,e
h,.,d,e,p,a,r,t,m,e,n,t,=
e,1,.,n,e,t,i,d
m,i,n,p,.,p,r,i,c,e
g,r,a,d,e,_,1,3,.,m,i,n,s,a,l,a,r,y
x,.,c
p,u,r,3
.,d,e,p,a,r,t,m,e,n,t
x,.,t,o,t
e,1,.,h,i,r,e,d,a,t,e
a,.,t,o,t,a,l,_,n,u,m,b,e,r
t,e,m,p,.,m,i,n,s,a,l,a,r,y
e,n,r,o,l,l,i,n,f,o,.,n,e,t,i,d
a,.,s,d
f,i,r,s,t,n,a,m,e,=
f,.,p,r,o,d,u,c,t,i,d
c,.,p,r,i,c,e
v,.,n,e,t,i,d
s,u,b,.,c,r,e,d
n,u,m,b,u,y,e,r,s
p,g
c,c,.,l,a,s,t,n,a,m,e
c,s,t,a,k,i,n,g,s,t,u,d,e,n,t,s,.,n,e,t,i,d
c,u,s,1,.,f,i,r,s,t,n,a,m,e
s,.,c,a,f,e
e,d
t,e,m,p,.,m,i,n,p
p,u,r,c,h,a,s,e,c,o,u,n,t,.,c,u,s,t,o,m,e,r,i,d
p,1,2
p,p,p,.,p,r,o,d,u,c,t,n,a,m,e
p,r,o,d,s,.,p,r,o,d,u,c,t,i,d
*,c,o,m,i,s,s,i,o,n
d,1,.,f,i,r,s,t,n,a,m,e
c,o,u,n,t,c,u,s,t,o,m,e,r,s
p,b,.,p,r,o,d,u,c,t,i,d
t,.,c,n,t
p,r,o,d,u,c,t,s,b,e,f,o,r,e
x,x,x,.,c,u,s,t,o,m,e,r,i,d
p,s,.,p,r,o,d,u,c,t,i,d
d,2
l,o,w,e,s,t,_,p,r,i,c,e,.,p,r,o,d,u,c,t,i,d
p,.,c,u,s,t,o,m,e,r,i,d,=,t,h,i,n,g,.,c,u,s,t,o,m,e,r,i,d
p,c,n,t
m,y,_,t,e,m,p,.,n,a,m,e
p,s,2,.,c,u,s,t,o,m,e,r,i,d
c,u,.,p,h,o,n,e,n,u,m,b,e,r
c,r,e,d,i,t,t,a,b,l,e,.,t,o,t,c,r,e,d,i,t,s
c,n,.,d,e,p,a,r,t,m,e,n,t
t,b,3,.,p,r,o,d,u,c,t,n,a,m,e
s,1,.,g,r,a,d,e
p,4,.,p,r,o,d,u,c,t,i,d
1,0,0,0,0,*,1,2
c,r,.,c,r,n
p,c,h,.,p,r,i,c,e
y,o,r,k,'
c,o,u,n,t,s,",",0
n,.,p,r,o,d,u,c,t,n,a,m,e
e,2,.,e,m,p,n,a,m,e
e,n,r,2,.,c,r,n
p,u,t
e,3,.,s,a,l,a,r,y
m,i,n,p,e,e,p,s
e,.,c,u,s,t,o,m,e,r,i,d
s,.,n,e,t,i,d,=,t,.,n,e,t,i,d
c,t,t
g,e,t
m,.,l,a,s,t,n,a,m,e
c,a,n
a,.,t
m,i,n,p,r,i,c,e,.,p,r,o,d,u,c,t,i,d
p,o,o,r,p,e,o,p,l,e,.,c,u,s,t,o,m,e,r,i,d
m,i,d,x,.,m,i,n,p
y
n,u,m,e,m,p,l,o,y,e,e,s
t,o,t,a,l,.,c,u,s,t,o,m,e,r,i,d
c,s,_,n,e,t,i,d,s,.,n,e,t,i,d
r,e,t,u,r,n,s
c,x,.,c,u,s,t,o,m,e,r,i,d
p,x,.,p,r,i,c,e
p,a,.,c,u,s,t,o,m,e,r,i,d
=,s,a,l,.,m,i,n,s,a,l,a,r,y
p,r,g
c,u,s,t,o,m,e,r,s,.,f,i,r,s,t,n,a,m,e,=
p,s
c,.,p,h,o,n,e
e,1,.,c,r,n
p,1,1
d,e,p,t,i,d,=,e,.,d,e,p,t,i,d
a,.,b,r,a,n,d,n,a,m,e,=,',s,a,m,s,u,n,g,'
c,u,s,t,o,m,e,r,.,n,a,m,e
b,p,r,o,d,u,c,t,i,d
c,d
a,.,m,i,n,p,r,i,c,e
s,t,o,t,c
t,b,1,.,p,r,o,d,u,c,t,n,a,m,e
6,0,0,0,0
t,b,.,t,e,m,p,_,s,u,m
t,e,m,p,.,y,e,a,r,r,e,l,e,a,s,e,d
c,o,u,r,s,e,s,.,d,e,p,a,r,t,m,e,n,t,=,',c,s
p,2,.,b,r,a,n,d,n,a,m,e,=,p,.,b,r,a,n,d,n,a,m,e
n,a,m,e,w,i,t,h,c,o,u,n,t
',t,*
i,n,f,o
x,2
a,n,s,.,p,r,o,d,u,c,t,n,a,m,e
e,m,p,c,o,u,n,t,e,r
t,e,m,p,_,s,u,m
j,o,b,t,i,t,l,e,=,',i,t
s,a,m,e
o,p,e,r,a,t,i,o,n,s
p,i,.,p,r,o,d,u,c,t,i,d
f,.,p,r,i,c,e
m,.,b,r,a,n,d,n,a,m,e
e,.,x
b,n
s,o,m,e,t,h,i,n,g
p,r,o,c,e,s,s,e,d,.,c,u,s,t,o,m,e,r,i,d
i,t,e,m,.,p,r,o,d,u,c,t,n,a,m,e
p,c,3
h,u,g,e,_,t,a,b,l,e,.,f,i,r,s,t,n,a,m,e
e,n,2,.,n,e,t,i,d
n,u,m,p,u,r,c,h,a,s,e,s,.,n,u,m
e,m
p,r,o,.,b,r,a,n,d,n,a,m,e,=,',g,o,o,g,l,e
d,.,p,r,i,c,e
t,o,t,a,l,s,.,t,o,t,a,l,p,u,r,c,h,a,s,e,s
b,.,s,a,l,a,r,y
p,r,o,d,u,c,t,s,b,e,f,o,r,e,.,y,e,a,r,r,e,l,e,a,s,e,d
p,4
t,1,.,c,r,n
p,u,r,c,h,a,s,e,a,m,o,u,n,t,m,a,p,p,i,n,g,.,c,u,s,t,o,m,e,r,i,d
g,g
n,a,m,e,1
v,.,f,i,r,s,t,n,a,m,e
o,.,b,r,a,n,d,n,a,m,e
p,u,r,c,h,a,s,e,a,m,o,u,n,t,m,a,p,p,i,n,g,.,p,u,r,c,h,a,s,e,a,m,o,u,n,t
s,t,u,d,e,n,t,w,o,r,k,l,o,a,d,s
p,c,2,.,p,r,i,c,e
r,p,.,p,u,r,c,h,a,s,e,i,d
c,o,n,d
d,.,p,u,r,c,h,a,s,e,i,d
p,4,.,b,r,a,n,d,n,a,m,e
t,o,t,a,l,_,c,r,e,d,i,t
m,i,n,p,u,r,.,m,i,n,p,r,i,c,e
p,r,o,d,u,c,t,s,.,b,r,a,n,d,n,a,m,e,=
a,.,d,e,p,t,i,d
j,*
m,t,.,m,i,n,p,r,i,c,e
s,.,g,r,a,d,e,=,1,2
p,2,n,a,m,e
t,e,m,p,2,.,c,i,d
p,4,.,c,t,s
e,s
e,3,.,m,a,n,a,g,e,r,i,d
p,2,p,r,e,v,i,o,u,s,_,p,r,o,d,u,c,t,s
c,h,e,a,p,e,s,t
c,c,.,f,i,r,s,t,n,a,m,e
c,.,e,m,p,i,d
p,t,.,p,r,o,d,u,c,t,i,d
k,n,o,w
g,r,a,d,e,_,1,2,.,m,a,x,s,a,l,a,r,y
p,p,1
t,a,b,l,e,1,.,c,i,d
w
t,o,t,a,l,c,r,e,d,i,t,s,.,t,o,t,a,l
c,s,1,.,f,i,r,s,t,n,a,m,e
h,o,h,o
m,i,d,x
f,i,n,a,l,.,y,e,a,r,r,e,l,e,a,s,e,d
c,o,u,2,.,c,r,n
c,o,u,r,s,e,_,d,e,p,t
',g,e,n,e,r,a,l
p,.,p,r,i,c,e,=,m,i,n,_,t,a,b,l,e,.,m,i,n,_,p,r,i,c,e
d,.,a,t,t,r,i,b,u,t,e
o,n,c,e
c,3,.,c,u,s,t,o,m,e,r,i,d
t,.,f,i,r,s,t,n,a,m,e
r,e,.,c,u,s,t,o,m,e,r,i,d
p,r,r
e,m,p,i,d,c,o,u,n,t
p,2,.,p,r,o,d,u,c,t,i,d,=,p,.,p,r,o,d,u,c,t,i,d
m,i,n,p,r,i,c,e,t,a,b,l,e,.,m,i,n,p,r,i,c,e
n,e,t,i,d,_,c,o,u,r,s,e,d,e,p,.,n,e,t,i,d
c,a,f,e,=
',l,a,t,t,e
f,i,n,a,l,.,c,i,d
q,.,p,r,o,d,u,c,t,n,a,m,e
d,e,p,a,r,t,m,e,n,t,=,',e,c,e
b,e,s,t,c,u,s,t,o,m,e,r,s
s,a,l,.,s,a,l,a,r,y,/,1,2
t,h,o,s,e
h
o,r,i,p,.,y,e,a,r,r,e,l,e,a,s,e,d
p,u,r,c,h,a,s,e,s,.,c,u,s,t,o,m,e,r,i,d,=,c,u,s,t,o,m,e,r,s,.,c,u,s,t,o,m,e,r,i,d
t,1,.,b,r,a,n,d,n,a,m,e
i,t,e,m,.,b,r,a,n,d,n,a,m,e
s,e,c,o,n,d
?
r,3,.,p,r,o,d,u,c,t,i,d
a,.,p,r,i,c,e
o,l,d,.,p,r,o,d,u,c,t,n,a,m,e
a,l,i,a,s
c,o,u,n,t,n,u,m
l,n
e,.,t,o,t,a,l,c,r,e,d,i,t,s
p,.,c,u,s,t,o,m,e,r,i,d,=,c,.,c,u,s,t,o,m,e,r,i,d
t,b,1,.,c,u,s,t,o,m,e,r,i,d
c,u,s,t,s
t,m,p,1,.,c,u,s,t,o,m,e,r,i,d
e,e,.,d,e,p,t,i,d
e,.,c,r,e,d,i,t
m,p,r,.,c,u,s,t,o,m,e,r,i,d
a,v,g,s,a,l,a,r,y
t,e,m,p,.,t
c,r,o,s,s
e,n,2
c,x,.,l,a,s,t,n,a,m,e
p,p,.,c,u,s,t,o,m,e,r,i,d
c,1,.,c,u,s,t,o,m,e,r,i,d,=,p,1,.,c,u,s,t,o,m,e,r,i,d
p,t,.,c,u,s,t,o,m,e,r,i,d
p,4,.,l,a,s,t,n,a,m,e
c,u,s,t,o,m,e,r,s,.,c,u,s,t,o,m,e,r,i,d,=,p,u,r,.,c,u,s,t,o,m,e,r,i,d
t,m,p,.,c,r,n
p,r,o,d,2,.,p,r,o,d,u,c,t,i,d
p,c,1,.,p,u,r,c,h,a,s,e,i,d
p,u,r,c,h,a,s,e,s,2,.,p,r,i,c,e
t,e,m,p,.,s,e,c,o,n,d
s,u,m,_,c,r,e,d,i,t,s
i,n,n,e,r,_,t,a,b,l,e,.,p,r,o,d,1
e,m,p,2,.,j,o,b,t,i,t,l,e
r,p
c,h,e,a,p,e,s,t,.,p,r,o,d,u,c,t,i,d
n,u,m,b,e,r,s,.,f,r,e,q
l,e,f,t,j,o,i,n,+,o,n
c,o,u,r,s,e
