t,.,t,o,t,a,l,c,r,e,d,i,t,s
e,m,p,.,a,n,n,u,a,l,s,a,l,a,r,y,/,1,2
p,b
p,u,1,.,c,u,s,t,o,m,e,r,i,d
e,_,d,e,p,t,.,n,e,t,i,d
b,.,y,e,a,r,e,s,t,a,b,l,i,s,h,e,d
p,u,r,c,h,a,s,e,c,o,u,n,t
c,u,s,t,1
',h,a,r,r,y
d,e,p,s,o,f,s,t,u,d,e,n,t,s,.,n,e,t,i,d
h,e,l,p
5,'
p,i,.,c,u,s,t,o,m,e,r,i,d
p,o,.,b,r,a,n,d,n,a,m,e
t,o,t,a,l,s
g,.,c,u,s,t,o,m,e,r,i,d
p,r,o,d,u,c,t,s,b,e,f,o,r,e,.,b,r,a,n,d,n,a,m,e
n,u,m,b,e,r,s
e,m,p,.,s,a,l,a,r,y,*
m,i,d,x
s,a,m,s,u,n,g,b,u,y,e,r,s,.,p,h,o,n,e,n,u,m,b,e,r
g,.,g,r,a,d,e
w,o,r,k
n,e,w,t
r,e,s,u,l,t,.,s,a,l,a,r,y
p,2,.,b,r,a,n,d,n,a,m,e,=,',s,a,m,s,u,n,g
e,e,.,c,r,n
e,m,p,.,c,o,m,i,s,s,i,o,n
c,.,c,u,s,t,o,m,e,r,i,d,=,p,u,r,c,h,a,s,e,s,.,c,u,s,t,o,m,e,r,i,d
s,a,m,s,u,n,g,.,p,r,o,d,u,c,t,n,a,m,e
c,1,.,d,e,p,a,r,t,m,e,n,t
i,n,f,o,r,m,a,t,i,o,n,_,s,c,h,e,m,a,.,t,a,b,l,e,s
e,m,.,s,a,l,a,r,y
p,u,r,c,h,a,s,e,s,3
p,r,o,d,u,c,t,s,_,a,n,d,_,c,u,s,t,o,m,e,r,s
c,u,r,r,.,b,r,a,n,d,n,a,m,e
t,e,m,p,.,p,r,e
o,r,i,p,.,b,r,a,n,d,n,a,m,e
c,u,s,t,i,d
a,.,p,r,i,c,e
c,s,t,a,k,i,n,g,s,t,u,d,e,n,t,s
/,*,*
t,b,.,t,e,m,p,_,s,u,m
s,t,.,l,a,s,t,n,a,m,e
t,.,c,n,t
b,r,a,n,d,n,a,m,e,=,c,u,r,r,e,n,t,.,b,r,a,n,d,n,a,m,e
l,o,w,e,s,t,p,r,i,c,e,s
p,r,1,.,y,e,a,r,r,e,l,e,a,s,e,d
t,a,b,l,e,2
b,i,g,s,u,b,.,c,t,t
x,.,p,h,o,n,e,n,u,m,b,e,r
e,m
e,.,p,u,r,c,h,a,s,e,i,d
p,.,p,r,o,d,u,c,t,i,d,=,p,2,.,p,r,o,d,u,c,t,i,d
c,a,f,e,=
o,l,d,e,r,p,r,o,d,u,c,t,s
m,i,n,p,u,r
d,1,.,d,e,p,t,i,d
d,2,.,p,r,o,d,u,c,t,i,d
a,.,s,a,l,a,r,y,*,a,.,c,o,m,i,s,s,i,o,n
e,.,d,e,p,t,i,d,=,d,.,d,e,p,t,i,d
w,i,t,h
y
e,1,.,h,i,r,e,d,a,t,e
i,d,=
d,e,p,.,d,e,p,t,l,o,c,a,t,i,o,n
c,n,.,d,e,p,a,r,t,m,e,n,t
i,c
b,r,a,n,d,n,a,m,e,=,b,.,b,r,a,n,d,n,a,m,e
w,a,n,t
c,a,f,e,.,n,a,m,e
m,.,j,o,b,t,i,t,l,e
t,o,t,a,l,c,r,e,d,i,t,s,.,t,o,t,a,l
s,.,d,e,p,a,r,t,m,e,n,t,=
p,u,r,c,h,a,s,e,s,.,p,r,o,d,u,c,t,i,d,=,p,r,o,d,u,c,t,s,.,p,r,o,d,u,c,t,i,d
c,4,.,c,u,s,t,o,m,e,r,i,d
e,m,p,.,d,e,p,a,r,t,m,e,n,t,i,d
a,.,e,m,p,n,a,m,e
s,o,m,e,w,h,e,r,e
c,r,e
p,r,o,c,e,s,s,e,d
f,r,e,q
p,5,.,p,r,o,d,u,c,t,n,a,m,e
p,2,.,p,r,i,c,e,=,m,i,n,_,p,r,i,c,e
a,w,k,2,.,y,e,a,r,r,e,l,e,a,s,e,d
a,m,o,u,n,t
d,2
c,o,n,d,i,t,i,o,n,s,.,c,u,s,t,o,m,e,r,i,d
p,0,.,c,u,s,t,o,m,e,r,i,d
c,.
x,1,.,f,i,r,s,t,n,a,m,e
b,.,m,i,n,p,r,i,c,e
a,.,t
a,n,s
a,.,c,r,n
a,1,.,y,e,a,r,r,e,l,e,a,s,e,d
p,r,o,d,u,c,t,c,o,u,n,t,s
d,i,f,f
p,4,.,p,r,o,d,u,c,t,n,a,m,e
e,.,p,r,o,d,u,c,t,i,d
c,u,s,t,o,m,e,r,r,e,c,e,i,p,t,.,c,u,s,t,o,m,e,r,i,d
b,.,s,a,l,a,r,y
o,.,p,r,i,c,e,=,i,.,m,i,n,p,r,i,c,e
p,1,2,.,b,r,a,n,d,n,a,m,e
l,o,l
c,u,s,1,.,f,i,r,s,t,n,a,m,e
a,g,b,u,y,e,r,s
p,2,.,y,e,a,r,r,e,l,e,a,s,e,d,=,d,.,y,e,a,r,r,e,l,e,a,s,e,d
p,u,r,.,p,r,o,d,u,c,t,i,d,=,p,r,o,.,p,r,o,d,u,c,t,i,d
/,*
p,t,2,.,b,r,a,n,d,n,a,m,e
b,2,.,b,r,a,n,d,n,a,m,e
c,t,r
r,e,s,u,l,t,.,g,r,a,d,e
t,c,h
f,.,p,r,o,d,u,c,t,i,d
c,3,.,l,a,s,t,n,a,m,e
t,b
g,.,f,i,r,s,t,n,a,m,e
c,.,b,r,a,n,d,n,a,m,e
=,s,t,u,d,e,n,t,s,.,d,e,p,a,r,t,m,e,n,t
c,o,u,.,c,r,n
p,r,i,o,r,.,b,r,a,n,d,n,a,m,e
p,r,g
p,i,d
4,.,0,'
r,e,t,u,r,n,s
i,t,e,m,.,y,e,a,r,r,e,l,e,a,s,e,d
c,u,r,r,.,p,r,o,d,u,c,t,i,d
f,.,l,p
p,b,.,p,r,i,c,e
s,a,m,s,u,n,g,b,u,y,e,r,s,.,p,r,o,d,u,c,t,n,a,m,e
x,.,m
t,3
n,u,m,e,m,p,l,o,y,e,e,s
b,e,s,t,c,u,s,t,o,m,e,r,s
f,i,n
c,r,d
.,d,e,p,a,r,t,m,e,n,t
n,.,p,r,o,d,u,c,t,n,a,m,e
o,p,e,r,a,t,i,o,n,s
p,u,r,3,.,p,r,o,d,u,c,t,i,d
e,s,.,n,e,t,i,d
n,u,m,p,r,o,d,u,c,t,s,.,n,a,m,e
',b,e,n
e,g,.,n,e,t,i,d
l,i,m,i,t
p,r,2,.,y,e,a,r,r,e,l,e,a,s,e,d
c,o,u,n,t,s,",",0
c,r,e,d,i,t,s,u,m
c,n,t,.,c,o,u,n,t,1
p,1,2,.,p,r,o,d,u,c,t,i,d
p,a,.,c,u,s,t,o,m,e,r,i,d
l,.,c,u,s,t,o,m,e,r,i,d
=,s,a,l,.,m,i,n,s,a,l,a,r,y
7,0,0,0,/,1,2
c,o,n,d,i,t,i,o,n,a,l,p,r,o,d,u,c,t,t,a,l,l,y,.,p,r,o,d,u,c,t,i,d
d,e,p,.,d,e,p,t,i,d
m,p,r,.,c,u,s,t,o,m,e,r,i,d
s,g,1,.,m,a,x,s,a,l,a,r,y
o
s,a,m,s,u,n,g,b,u,y,e,r,s,.,f,i,r,s,t,n,a,m,e
7,0,0,0,.,0
p,c,.,p,r,i,c,e
p,2,.,p,r,o,d,u,c,t,i,d,=,p,1,.,p,r,o,d,u,c,t,i,d
p,r,o,d,u,c,t,s,b,e,f,o,r,e,.,y,e,a,r,r,e,l,e,a,s,e,d
t,e,m,p,.,p
d,2,.,c,u,s,t,o,m,e,r,i,d
s,1,.,d,e,p,a,r,t,m,e,n,t
d,e,.,d,e,p,t,l,o,c,a,t,i,o,n
p,r,o,.,y,e,a,r,r,e,l,e,a,s,e,d
c,.,t,c,r,e,d,i,t,s
c,r,e,d,i,t,t,a,b,l,e,.,f,i,r,s,t,n,a,m,e
m,i,d,x,.,p,r,o,d,u,c,t,i,d
f,n
c,r,e,d,i,t,s,.,n,e,t,i,d
d,.,s,a,l,a,r,y
b,e,c,a,u,s,e
t,.,s,m
p,.,c,u,s,t,o,m,e,r,i,d,=,t,h,i,n,g,.,c,u,s,t,o,m,e,r,i,d
m,p,r
e,g
o,p,.,p,r,i,c,e
c,o,u,n,t,_,b,e,f,o,r,e
m,a,t,h,e,s
p,t,a,b,l,e
c,t,t
j,o,i,n,e,d,.,p,r,o,d,u,c,t,i,d
n,u,l,l,_,c,h,e,c,k
m,a,n,a,g,e,r,i,d,=,e,.,e,m,p,i,d
n,e,t,i,d,_,c,o,u,r,s,e,d,e,p,.,n,e,t,i,d
f,r,e,.,c,u,s,t,o,m,e,r,i,d
p,.,p,r,i,c,e,=,m,i,n,_,t,a,b,l,e,.,m,i,n,_,p,r,i,c,e
n,e,w,.,b,r,a,n,d,n,a,m,e
i,.,e
e,c,e,.,l,a,s,t,n,a,m,e
g,.,n,e,t,i,d
e,3,.,e,m,p,i,d
s,o
n,e,w,.,c
m,a,n,a,g,e,r,.,e,m,p,i,d
/,*,f,r,o,m
p,u,m,.,p,r,i,c,e
h,o,h,o,.,f,i,r,s,t,n,a,m,e
p,u,r,c,h,a,s,e,s,2,.,p,r,i,c,e
c,s,_,n,e,t,i,d,s
m,p,d,.,b,r,a,n,d,n,a,m,e
m,.,p,r,o,d,u,c,t,n,a,m,e
n,u,m,b,e,r,s,.,p,r,o,d,u,c,t,n,a,m,e
t,e,m,p,2,.,d
p,c,1
s,h,a,b,i
n,a,m,e,s
o,t,h,e,r,.,c,u,s,t,o,m,e,r,i,d
p,u,2,.,p,r,i,c,e
e,1,.,e,m,p,i,d
',o,r
p,r,o,2,.,p,r,o,d,u,c,t,i,d
p,r,i,o,r,.,y,e,a,r,r,e,l,e,a,s,e,d
b,.,m,i,n,_,p,r,i,c,e
c,u,s,t,o,m,e,r,s,.,f,i,r,s,t,n,a,m,e,=
=,i,d
t,.,c,r,e,d,i,t,s,u,m
t,m,p,3,.,p,r,o,d,u,c,t,n,a,m,e
e,1,.,d,e,p,t,i,d
n,a,m,e,2
t,m,p,1,.,p,r,o,d,u,c,t,n,a,m,e
m,i,n,s,.,m,i,n,p,r,i,c,e
a,.,m,a,n,a,g,e,r,i,d
p,x,.,p,r,o,d,u,c,t,i,d
s,e
i,f
t,a,b,l,e,2,.,p,r,o,_,n,a,m,e
=,7,0,0,0
p,p,r,i,c,e
p,d,2
e,e,.,c,r,n,=,c,c,.,c,r,n
p,h,o,n,e
p,r,d,1
p,1,1,.,p,r,o,d,u,c,t,i,d
n,u,m,p,u,r,c,h,a,s,e,s,b,y,c,u,s,t,o,m,e,r,.,n,u,m
t,o,t,a,l,n,u,m,b,e,r
n,u,m,c,r,e,d,i,t,s
=,m,a,x,s,a,l,a,r,y
s,t,u,d,e,p,t
p,5,.,p,r,o,d,u,c,t,i,d
n,e,w,_,t,a,b,l,e,.,p,r,o,d,u,c,t,n,a,m,e
2,0,1,0
s,t,u,d,e,n,t,s,.,d,e,p,a,r,t,m,e,n,t,=,',e,c,e,'
c,u,s,1
c,x
i,p
e,1,.,a,n,n,u,a,l,s,a,l,a,r,y,/,1,2
s,e,.,n,e,t,i,d
i,s
o,.,y,e,a,r,r,e,l,e,a,s,e,d
e,i,.,c,r,n
p,d,1
t,h,e,c,o,u,n,t
p,r,o,d,u,c,t,c,o,u,n,t,s,.,t,o,t,a,l
s,t,h
p,c,2,.,p,r,o,d,u,c,t,i,d
c,o,u,.,d,e,p,a,r,t,m,e,n,t,=,',c,s
t,e,m,p,.,m,i,n,s,a,l,a,r,y
c,a,n
c,a,f,e,.,n,a,m,e,=,f,r,e,q,u,e,n,t,s,.,c,a,f,e
d,e,p,a,r,t,m,e,n,t,.,d,e,p,t,i,d,=,e,m,p,l,o,y,e,e,.,d,e,p,t,i,d
p,p,p,.,p,r,o,d,u,c,t,n,a,m,e
c,t,.,f,i,r,s,t,n,a,m,e
i,n,n,e,r,_,t,a,b,l,e
s,a,m,e
p,u,r,c,h,a,s,e,_,t,a,b,l,e
p,r,o,.,b,r,a,n,d,n,a,m,e,=,',a,p,p,l,e
t,.,m,i,n,_,p,r,i,c,e
x,x,x,.,p,r,o,d,u,c,t,n,a,m,e
f,i,n,.,p,n,1
t,1,.,c,r,n
h,a,h,a,h,a
c,x,.,c,u,s,t,o,m,e,r,i,d,=,p,x,.,c,u,s,t,o,m,e,r,i,d
e,n,r,o,l,l,m,e,n,t,s,.,c,r,n,=,c,o,u,r,s,e,s,.,c,r,n
l,o,w,e,s,t,p,r,i,c,e,s,.,p,r,o,d,u,c,t,i,d
b,t
n,o,w,.,y,e,a,r,r,e,l,e,a,s,e,d
r,3,.,b,r,a,n,d,n,a,m,e
a,v,g,_,s,a,l,s
l,o,w,e,s,t,_,p,r,i,c,e,.,p,r,o,d,u,c,t,i,d
s,t,u,d,.,d,e,p,a,r,t,m,e,n,t
c,o,u,r
t,.,t,o,t,a,l
m,a,d,e
p,s,.,p,r,o,d,u,c,t,i,d
t,2,.,m,a,n,a,g,e,r,i,d
c,r,o,s,s
h,o,h,o,.,l,a,s,t,n,a,m,e
a,v,g,_,s,a,l,s,.,a,v,g,_,s,a,l,a,r,y
p,u,1,.,p,r,i,c,e
t,h,r,i,f,t,y,c,u,s,t,o,m,e,r,s
b,r,a,n,d,n,a,m,e,=,',s,a,m,s,u,n,g
e,m,p,.,e,m,p,i,d
i,t,e,m,.,b,r,a,n,d,n,a,m,e
d,e,p,.,d,e,p,t,n,a,m,e
b,r,a,n,d,n,a,m,e,=,',g,o,o,g,l,e
l,o,l,.,z
s,.,g,r,a,d,e,=,1,2
d,e,p,s,o,f,s,t,u,d,e,n,t,s,.,d,e,p,a,r,t,m,e,n,t
+,1
t,e,m,p,.,c
e,.,t,o,t,a,l,c,r,e,d,i,t,s
n,o,w
e,m,p,l,o,y,e,e,_,c,o,u,n,t
p,r,2,.,b,r,a,n,d,n,a,m,e,=
e,n,2
c,o,n,d,.,p,i,d
=,s,.,m,i,n,s,a,l,a,r,y
m,a,n,a,g,e,r,s
p,_,m,i,n,.,p,r,i,c,e
p,u,r,r,.,c,u,s,t,o,m,e,r,i,d
r,3,.,p,r,o,d,u,c,t,i,d
t,.,c,r,e,d,s
e,.,t,c,h
h,r,.,s,m
b,p,r,o,d,u,c,t,i,d
s,t,u,d,e,n,t,w,o,r,k,l,o,a,d,s,.,t,o,t,a,l,c,r,e,d,i,t,s
s,t,.,c,r,n
c,u,s,1,.,c,u,s,t,o,m,e,r,i,d
p,g
e,n,r,o,.,c,r,n
p,r,o,d,u,c,t,i,n,f,o
p,u,r,c,h,a,s,e,s,.,c,u,s,t,o,m,e,r,i,d,=,c,u,s,t,s,.,c,u,s,t,o,m,e,r,i,d
o,u,t,p,u,t,.,l,a,s,t,n,a,m,e
t,e,m,p,.,p,i
c,o,u,r,.,d,e,p,a,r,t,m,e,n,t
e,n,r,2,.,n,e,t,i,d
p,5
',o,p,e,r,a,t,i,o,n,s
e,_,d,e,p,t
r,p,.,c,u,s,t,o,m,e,r,i,d
c,d
s,u,b,.,n,e,t,i,d
c,u,s,t,o,m,e,r,r,e,c,e,i,p,t
c,c,.,c,r,n
m,p,d
i,n,s,i,d,e
c,2,.,p,h,o,n,e,n,u,m,b,e,r
t,b,3,.,p,r,o,d,u,c,t,n,a,m,e
o,n,c,e
a,.,s,u,m,_,c,r,e,d,i,t,s
m,a,n,a,g,e,r,.,s,a,l,a,r,y
b,r,a,n,d,s,.,b,r,a,n,d,n,a,m,e
v
m,u,l
p,s,.,c,u,s,t,o,m,e,r,i,d
c,r,e,d,i,t,s,s,u,m
p,u,r,c,h,a,s,e,a,m,o,u,n,t,m,a,p,p,i,n,g,.,p,u,r,c,h,a,s,e,a,m,o,u,n,t
e,m,p,i,d,c,o,u,n,t
h,o,h,o,.,n,u,m
s,t,u,d,e,n,t,c,r,e,d,i,t,.,n,e,t,i,d
e,m,p,.,d,e,p,t,i,d,=,d,e,p,t,.,d,e,p,t,i,d
f,i,n,a,l
c,.,a,d,d,r
b,l,a,h
e,.,c,u,s,t,o,m,e,r,i,d
s,t,.,c,t,s
o,.,c,n,t
p,c,1,.,p,r,o,d,u,c,t,i,d
c,u,s,t,o,m,e,r,i,d,=,c,.,c,u,s,t,o,m,e,r,i,d
',r,e
s,m
i,n,s,i,d,e,.,b,r,a,n,d,n,a,m,e
e,1,.,c,r,n
r,e,s,.,n,u,m,b,e,r
j,o,b,t,i,t,l,e,=
_,p,c,o,u,n,t
p,.,c,u,s,t,o,m,e,r,i,d,=,c,u,s,t,o,m,e,r,s,.,c,u,s,t,o,m,e,r,i,d
t,e,m,p,.,p,u,r,c,h,a,s,e,i,d
e,m,p,2
b,e,l,o,w
m,i,n,p,e,e,p,s,.,c,u,s,t,o,m,e,r,i,d
p,r,.,p,r,o,d,u,c,t,i,d,=,p,r,o,d,u,c,t,c,o,u,n,t,s,.,p,r,o,d,u,c,t,i,d
',m
m,i,n,p,u,r,.,m,i,n,p,r,i,c,e
m,i,n,p,r,i,c,e,p,u,r,c,h,a,s,e,s
g,r,a,d,e,_,1,3,.,m,i,n,s,a,l,a,r,y
p,u,r,1,.,p,r,i,c,e
e,i,.,n,e,t,i,d
p,6,.,p,r,o,d,u,c,t,n,a,m,e
w,h,y
d,e,p
p,a
x,.,p,r,o,d,u,c,t,n,a,m,e
o,.,f,i,r,s,t,n,a,m,e
m,a,x,a,n,n,u,a,l,s,a,l,a,r,y
h,u,g,e,_,t,a,b,l,e,.,l,a,s,t,n,a,m,e
',c,a,p,p,u,c,c,i,n,o,'
1,0,=,4
d,e,p,a,r,t,m,e,n,t,=,',e,c,e
t,e,m,p,1,.,c,r,n
y,.,b,r,a,n,d,n,a,m,e,=
1,0,=,0
m,i,n,p,e,e,p,s
d,a,t,a,_,.,f,i,r,s,t,n,a,m,e
j,*
r,e,.,c,u,s,t,o,m,e,r,i,d
d,2,.,d,e,p,t,i,d
p,r,o,2,.,y,e,a,r,r,e,l,e,a,s,e,d
p,1,.,b,r,a,n,d,n,a,m,e,=,p,2,.,b,r,a,n,d,n,a,m,e
e,s
p,r,o,d,1,.,y,e,a,r,r,e,l,e,a,s,e,d
e,2,.,c,r,n,=,c,2,.,c,r,n
s,t,r,a,n,g,e
t,m,p,.,a,v,g,s,a,l,a,r,y
p,s,.,b,r,a,n,d,n,a,m,e
q,.,p,r,o,d,u,c,t,i,d
f,i,n,t,a,b,l,e
m,t
b,.,t,o,t,a,l
o,l,d,_,t,a,b,l,e
t,c
t,e,m,p,3
c,.,d,e,p,a,r,t,m,e,n,t,=,',c,s,'
p,x,.,p,r,i,c,e
t,c,r,e,d,i,t,s
e,.,p,r,i,c,e
d,.,a,t,t,r,i,b,u,t,e
c,x,.,c,u,s,t,o,m,e,r,i,d
p,c,2
n,u,m,b,u,y,e,r,s
:
c,3,.,c,u,s,t,o,m,e,r,i,d
e,c,e,.,f,i,r,s,t,n,a,m,e
c,u,r,.,p,r,o,d,u,c,t,n,a,m,e
l,o,w,c
t,e,m,p,.,t,c,r,e,d,i,t,s
y,o,u
t,.,f,i,r,s,t,n,a,m,e
c,c,.,f,i,r,s,t,n,a,m,e
c,s,1,.,c,u,s,t,o,m,e,r,i,d
p,o
p,r,.,p,u,r,c,h,a,s,e,i,d
p,p,.,c,u,s,t,o,m,e,r,i,d
q,.,p,r,o,d,u,c,t,n,a,m,e
c,l,a,s,s,e,s
l,n
b,1
r,e,a,l,c,o,u,n,t,s,.,p,r,o,d,u,c,t,i,d
s,u,b,_,q,u,.,l,o,w,e,s,t,_,p,r,i,c,e
f,i,r,s,t,n,a,m,e,=
e,i
s,.,g,r,a,d,e,=,1,3
p,u,m
t,1,.,e,m,p,i,d
s,u,b,.,t,o,t,a,l
p,c,.,p,r,o,d,c,n,t
s,t,u,c,o,u,r,s,e
n,u,m,b,e,r,s,.,f,r,e,q
p,2,.,m,i,n,p,r,i,c,e
a,l,i,a,s,.,l,a,s,t,n,a,m,e
p,r,i,o,r
y,o,r,k,'
l,o,l,.,c,u,s,t,o,m,e,r,i,d
t,a,b,l,e,_,s,c,h,e,m,a
n,m
a,g,g,r,e,g,a,t,e
n,o,w,.,b,r,a,n,d,n,a,m,e
p,r,.,b,r,a,n,d,n,a,m,e,=
m,i,n,p,r,i,c,e,p,r,o,d,u,c,t
f,i,n,a,l,.,p,r,o,d,u,c,t,n,a,m,e
s,g,1
x,.,c
l,o,w,e,s,t,_,p,r,i,c,e
e,2,.,e,m,p,n,a,m,e
j,o,i,n,e,d
c,t,r,.,c,t
p,x
s,e,.,d,e,p,a,r,t,m,e,n,t
n,e,t,i,d,=,s,1,.,n,e,t,i,d
w,e
t,e,m,p,2,.,c,r,e,d,i,t,s
l,.,p,h,o,n,e,n,u,m,b,e,r
t,o,t,a,l,c,r,e,d,s
s,g,1,.,g,r,a,d,e
d,1,.,d,e,p,t,l,o,c,a,t,i,o,n
e,c,.,d,e,p,a,r,t,m,e,n,t
p,u,.,m,p,r,i,c,e
t,o,t,a,l,_,n,u,m,b,e,r
m,i,n,b,u,y,e,r,s,.,c,u,s,t,o,m,e,r,i,d
p,r,i
e,e,.,e,m,p,i,d
c,n,t,.,c,u,s,t,o,m,e,r,i,d
m,t,.,p,r,o,d,u,c,t,i,d
p,r,a,.,b,r,a,n,d,n,a,m,e
p,u,r,c,h,a,s,e,s,2
e,2,.,s,a,l,a,r,y,*
w,h,o
w,o,u,l,d
=,1,0,0,0,0
=,',c,s,'
n,e,w,_,t,a,b,l,e,.,p,r,o,d,u,c,t,i,d,=,o,l,d,_,t,a,b,l,e,.,p,r,o,d,u,c,t,i,d
=,c,.,d,e,p,a,r,t,m,e,n,t
p,c,n,t
c,c,.,d,e,p,a,r,t,m,e,n,t
p,b,.,p,r,o,d,u,c,t,i,d
e,n,r,o,l,l,i,n,f,o,.,n,e,t,i,d
m,i,n,p,r,o,.,m,i,n,p,r,i,c,e
s,u,m,_,c,r,e,d,s
p,u,r,c,h,a,s,e,s,.,c,u,s,t,o,m,e,r,i,d,=,c,.,c,u,s,t,o,m,e,r,i,d
m,.,b,r,a,n,d,n,a,m,e
n,e,w,_,t,a,b,l,e
t,.,y,e,a,r,r,e,l,e,a,s,e,d
z,z,z
e,c,e,s,t,u,e,n,r,o,l,l,.,c,r,n
p,t,2
d,e,p,s,o,f,s,t,u,d,e,n,t,s
s,u,b,.,c,r,e,d
p,4,.,f,i,r,s,t,n,a,m,e
e,c,e,m,a,j,o,r,s,.,l,a,s,t,n,a,m,e
b,t,.,c,u,s,t,o,m,e,r,i,d
e,n,r,o,c,o,u,r,.,n,e,t,i,d
p,.,p,r,i,c,e,=
c,2,.,c,u,s,t,o,m,e,r,i,d,=,p,u,r,c,2,.,c,u,s,t,o,m,e,r,i,d
f,u,n,c,t,i,o,n
s,a,l,.,g,r,a,d,e
e,n,r,o
m,p,d,.,p,r,o,d,u,c,t,n,a,m,e
p,r,2,.,c,u,s,t,o,m,e,r,i,d
s,c,.,c,u,s,t,o,m,e,r,i,d
p,r,.,p,r,i,c,e
p,c,h,.,c,u,s,t,o,m,e,r,i,d
p,r,o,d,s,.,b,r,a,n,d,n,a,m,e
r,e,s,u,l,t
d,p,t,.,d,e,p,t,n,a,m,e
c,u,r,r,e,n,t,.,y,e,a,r,r,e,l,e,a,s,e,d
c,t,s
t,m,p,2,.,c,u,s,t,o,m,e,r,i,d
t,e,m,p,1,.,n,e,t,i,d
p,1,1,.,c,u,s,t,o,m,e,r,i,d
s,t,u,d,e,n,t,s,.,d,e,p,a,r,t,m,e,n,t,=,',e,c,e
n,u,m,p,u,r,c,h,a,s,e,s,b,y,c,u,s,t,o,m,e,r
c,o,n,d,i,t,i,o,n,s
a,w,k,1,.,b,r,a,n,d,n,a,m,e
t,m,p,.,c,n
g,r,a,d,e,_,1,3
r,p,.,p,u,r,c,h,a,s,e,i,d
m,i,n,e,.,c,r,e,d,i,t,s
c,r,e,d,i,t,t,a,b,l,e,.,t,o,t,c,r,e,d,i,t,s
c,o,u,r,s,e,s,.,d,e,p,a,r,t,m,e,n,t,=
g,e,t
p,u,r,c,h,a,s,e,c,o,u,n,t,.,n,u,m,p,u,r,c,h,a,s,e,s
p,r,o,d,u,c,t,s,.,b,r,a,n,d,n,a,m,e,=,',a,p,p,l,e
t,.,n,u,m
s,o,m,e,t,h,i,n,g
r,e,s,u,l,t,.,m,i,n,s,a,l,a,r,y
a,n,s,.,p,r,o,d,u,c,t,n,a,m,e
p,u,r,c,h,a,s,e
p,1,2
x,.,t,o,t
f,i,n,a,l,.,c,i,d
x,.,n,e,t,i,d
t,a,b,l,e,1,.,c,i,d
e,n,2,.,n,e,t,i,d
c,o,u,2
r,e,.,l,a,s,t,n,a,m,e
p,2,.,b,r,a,n,d,n,a,m,e,=
c,o,m,b,i,n,e,d
q,.,b,r,a,n,d,n,a,m,e
o,p,.,p,r,o,d,u,c,t,i,d
g,g
x,x,x,.,c,u,s,t,o,m,e,r,i,d
m,i,n,_,p,r,i,c,e,_,t,a,b,l,e
n,u,l,l
p,.,p,r,i,c,e,=,m,i,n,p,r,i,c,e
h,.,d,e,p,a,r,t,m,e,n,t,=
c,s,.,f,i,r,s,t,n,a,m,e
t,b,3,.,c,u,s,t,o,m,e,r,i,d
q,.,i,d
p,r,o,_,n,a,m,e
p,r,o,.,b,r,a,n,d,n,a,m,e,=
c,c,.,d,e,p,a,r,t,m,e,n,t,=,',c,s
p,u,r,r,.,p,r,o,d,u,c,t,i,d
p,7
l,o,w,e,s,t,_,p,r,i,c,e,.,p,r,i,c,e
b,.,t,i,m,e,s
i,n,n,e,r,_,t,a,b,l,e,.,p,r,o,d,1
e,c,e,s,t,u,d
t,o,t,a,l,c,r,e,d,i,t,s,.,n,e,t,i,d
t,h,e,i,r
m,i,n,p,r,o
p,s,.,p,r,o,d,u,c,t,n,a,m,e
x,.,y,e,a,r,r,e,l,e,a,s,e,d
e,.,p
p,u,r,c,1
t,e,m,p,.,t
h,o,u,r,s,.,c,r,e
7,0,0,0,0
c,o,u,.,d,e,p,a,r,t,m,e,n,t
g,g,.,h,e,l,p,1
m,i,n,c
r,.,y,e,a,r,r,e,l,e,a,s,e,d
t,h,e,r,e
f,r,e,.,f,r,e,q,u,e,n,c,y
y,e,a,r,r,e,l,e,a,s,e
h,2
t,o,t,a,l,c
p,c,c
p,d,2,.,b,r,a,n,d,n,a,m,e
n
p,b,.,c,u,s,t,o,m,e,r,i,d
p,u,r,c,h,a,s,e,d
n,e,w,t,a,b,l,e,.,p,r,o,d,u,c,t,c,o,u,n,t
1,0,0,0,0,.,0
+
t,a,b,l,e,_,n,a,m,e
m,i,n,e
e,_,d,e,p,t,.,d,e,p,a,r,t,m,e,n,t
s,.,m,a,x,a,n,n,u,a,l,s,a,l,a,r,y
d,3,.,p,r,o,d,u,c,t,i,d
t,1,.,b,r,a,n,d,n,a,m,e
f,.,c,u,s,t,o,m,e,r
t,.,p,r,o,d,u,c,t,i,d,=,p,2,.,p,r,o,d,u,c,t,i,d
p,.,p,r,o,d,u,c,t,i,d,=,p,r,o,d,u,c,t,i,d
e,c,e,s,t,u,n,e,t,i,d,.,n,e,t,i,d
t,m,p,3
d,e,p,t,f,r,e,q
p,.,b,r,a,n,d,n,a,m,e,=,b,.,b,r,a,n,d,n,a,m,e
t,e,m,p,2,.,d,e,p,a,r,t,m,e,n,t
p,r,o,d,u,c,t,i,d,=,p,r,o,d,u,c,t,s,.,p,r,o,d,u,c,t,i,d
s,e,.,c,r,n
p,r,i,c,e,_,t,a,b,l,e,.,p,r,o,d,u,c,t,i,d
p,r,*,/
m,i,n,s
g,e,n,e,r,a,l
r,.,p,r,o,d,u,c,t,i,d
x,.,p,r,o,d,u,c,t,i,d,=,y,.,p,r,o,d,u,c,t,i,d
t,1,.,f,i,r,s,t,n,a,m,e
p,_,m,i,n,.,p,r,o,d,u,c,t,i,d
t,e,m,p,.,m,i,n,p,r,i,c,e
n,e,t,i,d,s
n,a,m,e,m,a,t,c,h,e,s
p,u,r,c,h,.,p,r,i,c,e
3,.,3,9
t,e,m,p,2,.,c,i,d
p,1,.,p,r,o,d,u,c,t,i,d,=,p,2,.,p,r,o,d,u,c,t,i,d
z,.,c,u,s,t,o,m,e,r,i,d
r
c,1,.,c,u,s,t,o,m,e,r,i,d,=,p,u,r,c,1,.,c,u,s,t,o,m,e,r,i,d
c,u,s,.,p,h,o,n,e,n,u,m,b,e,r
c,u,s,.,l,a,s,t,n,a,m,e
e,m,p,c,o,u,n,t,e,r
p,r,o,d,s,.,p,r,o,d,u,c,t,i,d
c,o,u
d,a,t,a
p,u,r,2,.,p,r,i
1,1,0
s,.,p,r,i,c,e
a,1,.,b,r,a,n,d,n,a,m,e
r,e
t,h,e,y
a,.,t,o,t,a,l
s,2,.,d,e,p,a,r,t,m,e,n,t,=,',e,c,e
a,.,c,d
e,e,.,d,e,p,t,i,d
r,e,t,u,r,n
p,.,c,n,t
p,c,1,.,p,r,i,c,e
c,o,u,n,t,1
c,t,.,p,h,o,n,e,n,u,m,b,e,r
p,c,h,.,p,r,o,d,u,c,t,i,d
e,2,.,s,a,l,a,r,y,*,e,2,.,c,o,m,i,s,s,i,o,n
p,u,r,c,h,_,2,.,c,u,s,t,o,m,e,r,i,d
b,1,.,b,r,a,n,d,n,a,m,e
f,i,r
p,c,c,.,c,u,s,t,o,m,e,r,i,d
e,.,j,o,b,t,i,t,l,e,=,',s,a,l,e,s
p,d,d
o,u,t,p,u,t,.,c,u,s,t,o,m,e,r,i,d
s,u,b,1
p,c,.,c,u,s,t,o,m,e,r,i,d
h,.,p,r,o,d,u,c,t,i,d
p,1,.,t,i,m,e
r,3
e,m,.,e,m,p,n,a,m,e
e,n,.,c,r,e,d,i,t,s
n,a,m,e,w,i,t,h,c,o,u,n,t
c,3,.,f,i,r,s,t,n,a,m,e
t,o,t,a,l,.,n,e,t,i,d
p,t,.,p,r,o,d,u,c,t,n,a,m,e
a,n,n,u,a,l,s,a,l,a,r,y,/,1,2
l,o,w,e,r
7,0,0,0,*,1,2
c,o,u,2,.,c,r,n
n,a,m,e,1
d,o
g,r,a,d,e,_,1,3,.,m,a,x,s,a,l,a,r,y
a,w,k,1
s,t,u,d,e,n,t,_,t,a,k,i,n,g,_,c,s,_,c,l,a,s,s
m,.,s,a,l,a,r,y,*,m,.,c,o,m,i,s,s,i,o,n
p,h,o,n,e,n,u,m,b,e,r,=
p,u,r,c,h,_,2
p,u,r,c,h,a,s,e,s,.,p,r,o,d,u,c,t,i,d,=,p,.,p,r,o,d,u,c,t,i,d
p,2,n,a,m,e
c,u,s,t,o,m,e,r,s,.,c,u,s,t,o,m,e,r,i,d,=,p,u,r,.,c,u,s,t,o,m,e,r,i,d
d,p,t
b,.,p,h,o,n,e,n,u,m,b,e,r,-,4
p,d,1,.,b,r,a,n,d,n,a,m,e
c,o,u,r,s,e,_,d,e,p
x,x,x
',t,*
g,r,a,d,e,_,1,5,.,m,i,n,s,a,l,a,r,y
s,t,u,d,e,n,t,w,o,r,k,l,o,a,d,s,.,n,e,t,i,d
p,6,.,c,t,s
p,c,3
c,c,c
',a,n,d
s,t,.,d
c,.,c,u,s,t,o,m,e,r,i,d,=,p,1,.,c,u,s,t,o,m,e,r,i,d
n,m,.,l,a,s,t,n,a,m,e
.,c,o,m,i,s,s,i,o,n
x,.,b,r,a,n,d,n,a,m,e
r,.,p,r,o,d,u,c,t,n,a,m,e
',s,t,u,d,e,n,t
g,.,c,u,s,t,o,m,e,r,i,d,=,p,1,.,c,u,s,t,o,m,e,r,i,d
t,o,t,a,l,_,p,u,r,c,h,a,s,e
e,n,r,o,l,l,i,n,f,o,.,t,o,t,a,l,c,r,e,d,i,t,s
e,m,p,l,o,y,e,e,.,m,a,n,a,g,e,r,i,d
e,.,t,o,t,a,l
p,r,o,d,u,c,t,s,.,b,r,a,n,d,n,a,m,e,=
m,e,r,g,e,.,c,o,u,r,s,e
i,t,e,m
p,u,.,p,u,r,c,h,a,s,e,i,d
t,a,k,i,n,g
c,u,r,.,b,r,a,n,d,n,a,m,e
c,u,s,t,o,m,e,r,c,o,u,n,t
a,p,.,c,u,s,t,o,m,e,r,i,d
a,b,o,v,e
b,o,u,g,h,t
g,.,p,r,o,d,u,c,t,i,d
*,/
9
d,1,.,c,u,s,t,o,m,e,r,i,d
f,i,r,s,t
c,r,e,d
p,r,g,.,b,r,a,n,d,n,a,m,e
s,a,m,s,u,n,g,b,u,y,e,r,s,.,p,u,r,c,h,a,s,e,i,d
r,p
p,u,r,c,h,a,s,e,a,m,o,u,n,t,m,a,p,p,i,n,g,.,c,u,s,t,o,m,e,r,i,d
m,.,l,a,s,t,n,a,m,e
s,a,l,.,g,r,a,d,e,=,1,5
g,r,a,b,s
c,o,u,n,t,e,d
m,y,_,s,u,m
a,l,i,a,s,.,f,i,r,s,t,n,a,m,e
e,n,r,2,.,c,r,n
p,c,4,.,p,u,r,c,h,a,s,e,i,d
f,.,c,a,f,e
g,.,d,e,p,a,r,t,m,e,n,t
p,u,r,c,h,a,s,e,s,2,.,p,r,o,d,u,c,t,i,d
t,o,t,a,l,.,c,u,s,t,o,m,e,r,i,d
l,i,s,t
c,.,d,e,p,a,r,t,m,e,n,t,=,',c,s
a,l,i,a,s,.,t,o,t,a,l
d,.,y,e,a,r,r,e,l,e,a,s,e,d
c,l,a,s,s,d,e,p,t
p,c,2,.,c,u,s,t,o,m,e,r,i,d
e,c,.,n,e,t,i,d
t,b,1,.,p,r,o,d,u,c,t,n,a,m,e
t,1,.,l,a,s,t,n,a,m,e
p,4,.,p,r,o,d,u,c,t,i,d
c,r,e,d,i,t,t,a,b,l,e
p,d,o,n,e
=,',e,c,e
t,.,p,u,r,c,h,a,s,e,i,d
n,e,w,.,y,e,a,r,r,e,l,e,a,s,e,d
g,r,a,d,e,_,1,2
c,o,u,r,s,e,d,e,p,t
d,3,.,b,r,a,n,d,n,a,m,e
m,i,n,_,i,d
a,b
r,e,s,u,l,t,.,m,a,x,s,a,l,a,r,y
s,.,c,a,f,e
m,.,f,i,r,s,t,n,a,m,e
p,r,o,d,.,b,r,a,n,d,n,a,m,e,=,',s,a,m,s,u,n,g,'
b,.,c,r,n
g,r,a,d,e,_,1,2,.,m,i,n,s,a,l,a,r,y
s,u,b,_,q,u
t,m,p,1
b,i,g,s,u,b,.,f,i,r
f,i,n,t,a,b,l,e,.,c,u,s,t,o,m,e,r,i,d
e,n,d,s
s,.,n,e,t,i,d,=,h,r,.,n,e,t,i,d
c,x,.,l,a,s,t,n,a,m,e
p,r,e,.,b,r,a,n,d,n,a,m,e
t,e,m,p,1,.,p,r,o,d,u,c,t,i,d
m,i,n,p,r,i,c,e,t,a,b,l,e,.,m,p,r,i,c,e
b,o,t,h
a,n,o,t,h,e,r
s,a,l
t,h,i,n,g
m,.,c,u,s,t,o,m,e,r,i,d
c,o,u,r,.,c,r,n
p,o,.,p,r,o,d,u,c,t,n,a,m,e
b,.,s,a,l,a,r,y,*,b,.,c,o,m,i,s,s,i,o,n
p,4,.,b,r,a,n,d,n,a,m,e
o,u,t
p,5,.,b,p,r,o,d,u,c,t,i,d
m,e,r,g,e,.,d,e,p,t
6,0,0,0,0
c,u,s,t,1,.,c,u,s,t,o,m,e,r,i,d
u,s,e
e,2,.,n,e,t,i,d
c,n,.,c,r,n
s,t,o,t,c
r,.,c,u,s,t,o,m,e,r,i,d
t,e,m,p,2,.,c,u,s,t,o,m,e,r,i,d
d,1,.,f,i,r,s,t,n,a,m,e
a,t,t,e,m,p,t
d,.
o,u,t,p,u,t,.,f,i,r,s,t,n,a,m,e
p,0
c,2,.,c,r,n
r,e,s
p,s,2
a,.,c,r,e,d,i,t,s
p,u,r,c,h,.,p,r,o,d,u,c,t,i,d
e,s,t,u,d,e,n,t,s
=,s,.,m,a,x,s,a,l,a,r,y
p,2,p,r,e,v,i,o,u,s,_,p,r,o,d,u,c,t,s
d,a,t,a,_,.,t
c,a,o,.,s,h,a,b,i
f,i,n,d
p,2,.,b,r,a,n,d,n,a,m,e,=,',g,o,o,g,l,e
p,r,o,d,2,.,p,r,o,d,u,c,t,i,d
p,r,r,.,b,r,a,n,d,n,a,m,e
q,.,t
?
t,a,b,l,e,2,.,c,i,d
o,r,i,p
c,c,.,l,a,s,t,n,a,m,e
b,i,g,s,u,b
p,r,o,d,u,c,t,s,b,e,f,o,r,e
t,.,c,u,s,t,o,m,e,r,c,o,u,n,t
p,u,r,c,h,a,s,e,s,3,.,p,r,o,d,u,c,t,i,d
p,p,u,r,.,p,r,o,d,u,c,t,i,d
p,t,.,p,r,o,d,u,c,t,i,d
r,e,.,f,i,r,s,t,n,a,m,e
c,s,c,o,u,r,s,e,s,.,c,r,n
t,.,m,i,n,p,r,i,c,e
i,d,s
t,.,d,p,t
e,c,e,.,c,r,n
1,",",2,",",3
l,.,l,a,s,t,n,a,m,e
i,p,.,p,r,o,d,u,c,t,i,d
v,.,n,e,t,i,d
a,1
t,o,t,a,l,s,.,c,u,s,t,o,m,e,r,i,d,=,c,.,c,u,s,t,o,m,e,r,i,d
s,a,m,s,u,n
t,a,b,l,e,s
m,e,r,g,e
s,t,r,a,n,g,e,.,c,u,s,t,o,m,e,r,i,d
l,.,d,r,i,n,k
p,u,r,c,1,.,p,r,o,d,u,c,t,i,d,=,p,r,o,d,1,.,p,r,o,d,u,c,t,i,d
a,l,s,o
p,r,o,d,2,.,y,e,a,r,r,e,l,e,a,s,e,d
p,u,r,3,.,p,r,i,c,e
c,r,e,d,i,t
o,n,e
c,u,r,r,.,p,r,o,d,u,c,t,n,a,m,e
c,o,u,r,s,e,s,*,/
s,t,.,i,d
e,c,e,s,t,u,e,n,r,o,l,l
b,t,.,l,a,s,t,n,a,m,e
*,c,o,m,i,s,s,i,o,n
x,.,d,e,p,a,r,t,m,e,n,t
p,1,.,b,r,a,n,d,n,a,m,e,=,',s,a,m,s,u,n,g
m,i,n,p,r,i,c,e,.,p,r,o,d,u,c,t,i,d
e,d
e,m,p,l,o,y,e,e,.,s,a,l,a,r,y,/,1,2
b,i,g,s,u,b,.,l,a,s
t,b,1,.,c,t,",",0
a,v,g,_,s,a,l,a,r,y
b,b,b
l,p
e,n,r,2
c,l,a,s,s,e,s,.,n,e,t,i,d
c,s,c,o,u,r,s,e,s
p,p,2,.,b,r,a,n,d,n,a,m,e
p,2,.,m,i,n,p
p,r,a
t,.,l,a,s,t,n,a,m,e
s,u,b,.,c,u,s,t,o,m,e,r,i,d
b,.,p,r,i,c,e
b,t,.,f,i,r,s,t,n,a,m,e
e,m,p,l,o,y,e,e,.,e,m,p,i,d
m,i,n,p,r,o,.,p,r,o,d,u,c,t,i,d
n,i,m,a
d,.,d,e,p,t,n,a,m,e,=,',s,a,l,e,s
e,c
c,o,u,r,s,e,d,e,p
d,e,p,a,r,t,m,e,n,t,.,d,e,p,t,l,o,c,a,t,i,o,n,=
p,d,.,b,r,a,n,d,n,a,m,e
e,n,r,o,l,l,i,n,f,o
p,1,2,.,p,r,o,d,u,c,t,n,a,m,e
p,1,.,c,u,s,t,o,m,e,r,i,d,=,c,.,c,u,s,t,o,m,e,r,i,d
d,e,p,a,r,t,m,e,n,t,=,',c,s
t,1,.,c,u,s,t,o,m,e,r,i,d
p,r,o,c,e,s,s,e,d,.,c,u,s,t,o,m,e,r,i,d
p,t,.,b,r,a,n,d,n,a,m,e
e,n,.,c,r,n
r,o,w,s
t,m,p,.,d,e,p,a,r,t,m,e,n,t
d,e,p,t,i,d,=,e,.,d,e,p,t,i,d
m,i,n,s,.,c,u,s,t,o,m,e,r,i,d
v,.,d,e,p,a,r,t,m,e,n,t
x,.,s,a,l,a,r,y
h,u,g,e,_,t,a,b,l,e
c,r
e,s,.,f,i,r,s,t,n,a,m,e
p,u,r,3
m,p,r,.,p,r,o,d,u,c,t,i,d
a,.,b,r,a,n,d,n,a,m,e,=,',s,a,m,s,u,n,g,'
m,i,n,t,.,p,r,o,d,u,c,t,i,d
c,o,n,d,.,c,n,t
s,t,.,c,u,s,t,o,m,e,r,i,d
x,.,c,r,n
s,a,l,a,r,y,_,a,f,t,e,r,_,c,o,m,m,i,s,i,o,n
',e,s,p,r,e,s,s,o
l,o,w,e,s,t
t,b,1,.,c,u,s,t,o,m,e,r,i,d
f,r,e,q,u,e,n,c,y
e,m,p,.,d,e,p,t,i,d,=,d,.,d,e,p,t,i,d
b,r,a,n,d,n,a,m,e,=,',a,p,p,l,e,',o,r
s,2,.,f,i,r,s,t,n,a,m,e
i,c,.,d,e,p,a,r,t,m,e,n,t
c,3
d,.,d,e,p,t,n,a,m,e,=
p,u,r,c,2
s,u,b,q
o,l,d,.,p,r,o,d,u,c,t,i,d
s,u,p,p,o,r,t,'
p,4,.,c,t,s
h,a,s
p,r,o,d,1,.,p,r,o,d,u,c,t,i,d
e,3,.,s,a,l,a,r,y
e,s,.,l,a,s,t,n,a,m,e
s,g,1,.,m,i,n,s,a,l,a,r,y
c,a
m,i,n,_,t,a,b,l,e
n,m,.,f,i,r,s,t,n,a,m,e
z
e,m,.,e,m,p,i,d
t,.,p,r,i,c,e
c,.,p,h,o,n,e,n,u,m,b,e,r,",",1,0
p,p,p,.,p,r,o,d,u,c,t,i,d
/,*,w,h,o
d,.,p,h,o,n,e,n,u,m,b,e,r
c,o,r,r,e,s,p,o,n,d,s
p,2,.,b,r,a,n,d,n,a,m,e,=,p,1,.,b,r,a,n,d,n,a,m,e
t,e,m,p,.,t,o,t,a,l
g,.,n,a,m,e
c,u,s,t,.,l,a,s,t,n,a,m,e
=,s,.,d,e,p,a,r,t,m,e,n,t
v,i,s,i,t,e,d
c,o,n,c,a,t
c,2,.,d,e,p,a,r,t,m,e,n,t
p,o,.,p,r,o,d,u,c,t,i,d
v,a,r,i,a,b,l,e
',t,',o,r
c,u,s,t,1,.,f,i,r,s,t,n,a,m,e
n,u,m,p,r,o,d,u,c,t,s
c,h,e,a,p,e,s,t,.,p,r,i,c,e
t,1,.,d,e,p,a,r,t,m,e,n,t
t,m,p,.,p,r,o,d,u,c,t,i,d
t,h,a,n
b,2
t,e,m,p,2,.,c,r,n
d,.,p,r,i,c,e
p,p,1
p,s,1
e,.,d,e,p,t,n,a,m,e
p,.,y,r
p,c,1,.,c,u,s,t,o,m,e,r,i,d
e,m,p,2,.,j,o,b,t,i,t,l,e
t,e,m,p,.,n,u,m
/,*,s,e,l,e,c,t
9,4,0,0,0
c,o,u,r,s,e,s,.,d,e,p,a,r,t,m,e,n,t,=,',c,s,'
t,o,t,a,l,_,c,o,m,p,e,n,s,a,t,i,o,n
1,0,0,0,0,0
a,.,d,e,p,t,i,d
u,s,i,n,g
0,*,/
s,.,d,r,i,n,k
s,2,.,l,a,s,t,n,a,m,e
s,.,n,e,t,i,d,=,s,t,o,t,c,.,n,e,t,i,d
h,.,c,u,s,t,o,m,e,r,i,d
s,t,u,d,.,l,a,s,t,n,a,m,e
p,u,r,c,h,a,s,e,a,m,o,u,n,t,m,a,p,p,i,n,g
t,e,m,p,.,n,e,t
s,a,m,s,u,n,g,.,c,u,s,t,o,m,e,r,i,d
c,s,1,.,p,h,o,n,e,n,u,m,b,e,r
n,u,m,p,r,o,d,s
m,i,n,t,.,m,i,n,p,r,i,c,e
c,u,s,t,o,m,e,r,s,.,c,u,s,t,o,m,e,r,i,d,=,p,u,r,c,h,a,s,e,s,.,c,u,s,t,o,m,e,r,i,d
o,p
d,3
c,a,.,f,i,r,s,t,n,a,m,e
s,t,u,d,e,n,t,_,t,a,k,i,n,g,_,c,s,_,c,l,a,s,s,.,n,e,t,i,d
c,a,f,e,n,a,m,e
s,t,.,n,e,t,i,d
c,a,r,t,s,i,z,e
c,.,c,r,n,=,e,.,c,r,n
s,e,c,o,n,d
t,e,m,p,.,m,i,n,p
b,.,j,o,b,t,i,t,l,e
s,t,o,t,c,.,t,c
e,3,.,e,m,p,n,a,m,e
a,.,s,u,m,_,c,r,e,d,i,t
t,b,.,p,r,o,d,u,c,t,n,a,m,e
n,a,m,e,w,i,t,h,c,o,u,n,t,.,c,u,s,t,o,m,e,r,i,d
i,c,.,n,e,t,i,d
l,.,f,i,r,s,t,n,a,m,e
p,d,1,.,p,r,o,d,u,c,t,n,a,m,e
i,.,b,r,a,n,d,n,a,m,e
t,h,o,s,e
o,t,h,e,r
o,l,d,.,b,r,a,n,d,n,a,m,e,=,n,e,w,.,b,r,a,n,d,n,a,m,e
=,',c,s
p,_,m,i,n
e,1,.,j,o,b,t,i,t,l,e
s,t,u,d,e,n,t,c,r,e,d,i,t
e,n,r,o,l,l,m,e,n,t,s,.,n,e,t,i,d,=,s,t,u,d,e,n,t,s,.,n,e,t,i,d
h,u,g,e,_,t,a,b,l,e,.,c,_,d,e,p,a,r,t,m,e,n,t
t,a,b,l,e,1
s,t,u,d,e,n,t,c,r,e,d,i,t,.,t,o,t,a,l,c,r,e,d,i,t
s,.,f,i,r,s,t,n,a,m,e,",",1
c,o,u,r,s,e
f,i,n,a,l,.,b,r,a,n,d,n,a,m,e
t,m,p,2
s,2,.,n,e,t,i,d,=,e,2,.,n,e,t,i,d
m,y,_,t,e,m,p,.,n,a,m,e
s,1,.,l,a,s,t,n,a,m,e
p,r,o,d,2,.,p,r,o,d,u,c,t,n,a,m,e
p,2,.,p,r,o,d,u,c,t,i,d,=,p,.,p,r,o,d,u,c,t,i,d
p,c,1,.,p,u,r,c,h,a,s,e,i,d
h,u,g,e,_,t,a,b,l,e,.,d,e,p,a,r,t,m,e,n,t
s,s,.,f,i,r,s,t,n,a,m,e
p,6,.,b,r,a,n,d,n,a,m,e
r,e,s,u,l,t,s
b,t,.,r,e,s,u,l,t
d,o,e,s
c,i
m,o,n,t,l,y,s,a,l
t,b,4
e,v,e,r,y
c,u,r
p,7,.,p,r,o,d,u,c,t,n,a,m,e
n,e,t,i,d,_,c,o,u,r,s,e,d,e,p
s,2
s,s
p,e,r
m,i,n,p,u,r,.,p,r,o,d,u,c,t,i,d
h,2,.,p,r,o,d,u,c,t,i,d
d,.,d,e,p,a,r,t,m,e,n,t
r,e,a,l,c,o,u,n,t,s
p,u,m,.,p,r,o,d,u,c,t,i,d,=,p,u,.,p,r,o,d,u,c,t,i,d
m,p,r,i,c,e
a,.,m,i,n,p
s,a,m,s,u,n,g,c,u,s,t,o,m,e,r,s
p,u,r,c,h,.,c,u,s,t,o,m,e,r,i,d
s,a,m,s,u,n,g,b,u,y,e,r,s
p,u,r,c,h,a,s,e,s,.,c,u,s,t,o,m,e,r,i,d,=,c,u,s,t,o,m,e,r,s,.,c,u,s,t,o,m,e,r,i,d
c,o,u,n,t,c,u,s,t,o,m,e,r,s
o,l,d,_,t,a,b,l,e,.,s,u,m
s,a,l,.,m,a,x,s,a,l,a,r,y
a,g,g,r,e,a,t,i,o,n
e,n,r,.,c,r,n
_,p,r,o,d,c,o,u,n,t
p,e,r,f,o,r,m,i,n,g
a,t
s,a,l,a,r,y,*
w,e,r,e
e,.,c,r,e,d,i,t,s,u,m
t,1,.,p,r,o,d,u,c,t,n,a,m,e
n,u,m,p,u,r,c,h,a,s,e,s,.,c,u,s,t,o,m,e,r,i,d
=,1,3
t,e,m,p,.,n,e,t,i,d,=,s,t,u,d,e,n,t,s,.,n,e,t,i,d
m,o,r,e
t,e,m,p,2,.,b,r,a,n,d,n,a,m,e
t,b,1,.,p,r,o,d,u,c,t,i,d
p,.,c,u,s,t,o,m,e,r,i,d,=,b,.,c,u,s,t,o,m,e,r,i,d
c,h,e,a,p,e,s,t,.,p,r,o,d,u,c,t,i,d
c,.,e,m,p,i,d
t,e,m,p,.,s,u,m,c,r,e,d,i,t,s
d,.,f,i,r,s,t,n,a,m,e
s,t,.,d,e,p,a,r,t,m,e,n,t
e,3
c,p
e,1,.,n,e,t,i,d
p,d,.,p,r,o,d,u,c,t,n,a,m,e
j,o,i,n,e,d,.,p,r,o,d,u,c,t,n,a,m,e
l,i,s,t,1
c,.,p,r,o,d,u,c,t,i,d
c,u,r,.,y,e,a,r,r,e,l,e,a,s,e,d
p,c,h,.,p,r,i,c,e
x,.,l,a,s,t,n,a,m,e
m,i,n,p,r,i,c,e,t,a,b,l,e,.,m,i,n,p,r,i,c,e
p,4
o,l,d,.,p,r,o,d,u,c,t,n,a,m,e
s,e,e
t,b,3
p,s,2,.,c,u,s,t,o,m,e,r,i,d
t,e,m,p,.,h,o,u,r,s
o,r,d,e,r,e,d,_,t,a,b,l,e
s,c,.,p,r,o,d,u,c,t,n,a,m,e
p,.,p,r,o,d,u,c,t,i,d,=,p,1,.,p,r,o,d,u,c,t,i,d
j,o,i,n,e,d,.,n,e,t,i,d
t,a,k,e
g,.,p,r,i,c,e
k
e,c,e,m,a,j,o,r,s,.,n,e,t,i,d
p,p,p,.,b,r,a,n,d,n,a,m,e
c,o,u,n,t,c,u,s,t,o,m,e,r
c,u,r,r,e,n,t,.,b,r,a,n,d,n,a,m,e
d,r,i,n,k,s
c,u,r,r,_,p,r,o,d
p,r,i,c,e,_,t,a,b,l,e
b,.,c,o,m,i,s,s,i,o,n
g,r,a,d,e,_,1,2,.,m,a,x,s,a,l,a,r,y
p,u,r,c,h,a,s,e,c,o,u,n,t,.,c,u,s,t,o,m,e,r,i,d
p,i,.,p,r,o,d,u,c,t,i,d
p,c,2,.,p,u,r,c,h,a,s,e,i,d
c,r,r,n
a,.,p,r,o,d,u,c,t,i,d,=,k,.,p,r,o,d,u,c,t,i,d
_,c,o,u,n,t
p,2,.,b,r,a,n,d,n,a,m,e,=,p,.,b,r,a,n,d,n,a,m,e
=,s,a,l,.,m,a,x,s,a,l,a,r,y
c,s,1,.,f,i,r,s,t,n,a,m,e
e,2,.,c,r,n
r,o,y,a,l,'
x,1
p,4,.,c,u,s,t,o,m,e,r,i,d
q,u,a,l,i,f,i,e,d,c,u,s,t,o,m,e,r,s,.,c,u,s,t,o,m,e,r,i,d
d,e,p,t,.,d,e,p,a,r,t,m,e,n,t,i,d,*,/
p,1,n,a,m,e
c,o,u,r,s,e,_,d,e,p,t
p,2,i,d
',g,e,n,e,r,a,l
p,.,p,r,i,c,e,=,m
o,.,c,u,s,t,o,m,e,r,i,d
p,2,.,p,u,r,c,h,a,s,e,i,d
i,n,f,o
',p,r,i,c,e
m,i,n,_,p,r,i,c,e,.,p,r,o,d,u,c,t,i,d
c,o,u,r,s,e,_,d,e,p,t,_,t,a,b,l,e
m,y,_,t,e,m,p
a,.,b,r,a,n,d,n,a,m,e,=,b,.,b,r,a,n,d,n,a,m,e
s,.,n,e,t,i,d,=,n,e,t,i,d
b,t,.,n,e,t,i,d
e,e,.,n,e,t,i,d
y,r,1
s,s,.,d,e,p,a,r,t,m,e,n,t
n,a,m,e,w,i,t,h,c,o,u,n,t,.,t,h,e,c,o,u,n,t,e,r
p,.,p,r,o,d,u,c,t,i,d,=,p,u,r,.,p,r,o,d,u,c,t,i,d
m,i,n,p,.,p,r,i,c,e
c,u,s,1,.,p,h,o,n,e,n,u,m,b,e,r
i,t,e,m,.,p,r,o,d,u,c,t,n,a,m,e
a,l,i,a,s
o,l,d,.,b,r,a,n,d,n,a,m,e
p,.,c,u,s,t,o,m,e,r,i,d,=,c,.,c,u,s,t,o,m,e,r,i,d
t,e,m,p,.,m,a,x,s,a,l,a,r,y
p,.,b,r,a,n,d,n,a,m,e,=,p,2,.,b,r,a,n,d,n,a,m,e
p,r,e,v,p,r,o,d
t,2,.,b,r,a,n,d,n,a,m,e
c,a,.,c,u,s,t,o,m,e,r,i,d
p,.,b,n
w
p,r,o,d,u,c,t,i,d,=,p,.,p,r,o,d,u,c,t,i,d
a,w,k,2,.,b,r,a,n,d,n,a,m,e
b,.,e,m,p,n,a,m,e
t,.,s,u,m,c,r,e,d,i,t,s
s,1,.,m,a,x,s,a,l,a,r,y
c,2,.,d,e,p,a,r,t,m,e,n,t,=,',c,s,'
c,.,p,h,o,n,e
f,i,n,a,l,.,p,c,n,t
1,0,0,0,0,*,1,2
/,1,2
s,u,b,s,t,r
t,o,t,a,l,.,p,r,o,d,u,c,t,i,d
a,f,t,e,r
.,c,u,s,t,o,m,e,r,i,d
n,o,w,.,p,r,o,d,u,c,t,n,a,m,e
s,a,l,.,s,a,l,a,r,y,/,1,2
c,a,.,l,a,s,t,n,a,m,e
c,r,.,c,r,n
t,e,m,p,.,l,a,s,t,n,a,m,e
g,r,a,d,e,_,1,5,.,m,a,x,s,a,l,a,r,y
c,c,.,p,h,o,n,e,n,u,m,b,e,r
n,e,t,i,d,=,s,t,u,d,e,n,t,s,.,n,e,t,i,d
c,p,.,c,t,s
p,r,e,v,p,r,o,d,.,p,r,o,d,n,a,m,e
s,t,u,d,e,n,t,w,o,r,k,l,o,a,d,s
b,a,h,a,h,a
m,i,n,e,.,n,e,t,i,d
e,n,.,n,e,t,i,d
p,p,u,r
3,.,8,0
p,u,r,c,h,a,s,e,a,m,o,u,n,t
p,c,4,.,c,u,s,t,o,m,e,r,i,d
e,.,j,o,b,t,i,t,l,e,=
m,o,n,t,h,l,y,s,a,l,a,r,y
p,u,r,c,h,_,2,.,p,r,o,d,u,c,t,i,d
m,i,n,s,.,p,r,o,d,u,c,t,i,d
g,.,m,a,x,s,a,l,a,r,y
p,2,.,m,i,n
e,m,p,l,o,y,e,e,s
p,c,h
r,e,s,.,c,u,s,t,o,m,e,r,i,d
p,u,r,c,2,.,p,r,o,d,u,c,t,i,d,=,p,r,o,d,2,.,p,r,o,d,u,c,t,i,d
p,p,p,.,p,r,i,c,e
t,e,m,p,.,b,r,a,n,d,n,a,m,e
t,e,m,p,2,.,n,e,t,i,d
',s
h,u,g,e,_,t,a,b,l,e,.,f,i,r,s,t,n,a,m,e
c,u,r,r,e,n,t
x,.,f,i,r,s,t,n,a,m,e
c,u,s,t,s
s,.,f,i,r,s,t,n,a,m,e,=
g,i,v,e,n
a,p
h,r
c,4
h,o,u,r,s,.,n,e,t,i,d
a,v,g,s,a,l,a,r,y
c,u,s,t,o,m,e,r,i,d,=,p,c,.,c,u,s,t,o,m,e,r,i,d
m,.,p,r,o,d,u,c,t,i,d
c,h,e,c,k,s
n,u,m,p,u,r,c,h,a,s,e,s,.,n,u,m
p,1,i,d
c,u,s,t,p,u,r,c,h,a,s,e,s
p,r,o,d,u,c,t,s,.,p,r,o,d,u,c,t,i,d,=,p,u,r,c,h,a,s,e,s,.,p,r,o,d,u,c,t,i,d
j,o,i,n,e,d,.,d,e,p,a,r,t,m,e,n,t
p,x,.,c,u,s,t,o,m,e,r,i,d
n,u,m,_,e,m,p,l,o,y,e,e,s
e,e,.,e,m,p,n,a,m,e
t,.,f,n
p,u,r,c,h,_,2,.,p,r,i,c,e
p,r,o,d,u,c,t,c,o,u,n,t
t,e,m,p,.,i,d
m,i,d,x,.,m,i,n,p
c,s,1
t,e,m,p,.,n,a,m,e
t,.,p,r,o,d,u,c,t,n,a,m,e
s,d
e,.
p,r,e,.,p,r,o,d,u,c,t,n,a,m,e
p,g,.,c,u,s,t,o,m,e,r,i,d
p,u,r,c,h,a,s,e,c,o,u,n,t,s
s,u
y,.,b,r,a,n,d,n,a,m,e
p,2,.,p,r,i,c,e,=,t,e,m,p,.,m,i,n,i,m,u,m
l,a,s
a,.,m,i,n,p,r,i,c,e
n,u,m,b,e,r,_,p,r,o,d,u,c,t,_,r,e,l,e,a,s,e,_,e,a,r,l,y
p,r,o,d,u,c,t,m,a,i,n,i,d
p,u,r,2,.,p,r,i,c,e
a,.,c,r,e,d,s
t,.,p,p
c,s,.,l,a,s,t,n,a,m,e
m,i,n,i,m,u,m
a,w,k,1,.,p,r,o,d,u,c,t,n,a,m,e
p,u,t
d,.,p,u,r,c,h,a,s,e,i,d
g,r,a,d,e,_,1,5
m,i,n,p,r,i,c,e,t,a,b,l,e
c,u,r,r
m,i,n,a,n,n,u,a,l,s,a,l,a,r,y
t,e,m,p,_,s,u,m
=,1,2
p,t,.,c,u,s,t,o,m,e,r,i,d
c,a,o,.,n,e,t,i,d
c,u,.,l,a,s,t,n,a,m,e
e,c,e,s,t,u,n,e,t,i,d
c,p,.,c,u,s,t,o,m,e,r,i,d
y,r
d,.,n,e,t,i,d
c,_,d,e,p,a,r,t,m,e,n,t
b,.,d,e,p,a,r,t,m,e,n,t
p,r,o,d,2,.,b,r,a,n,d,n,a,m,e,=,',a,p,p,l,e
p,r,e,v,p,r,o,d,u,c,t,s
d,.,p,p,r,i,c,e
t,e,m,p,.,s,e,c,o,n,d
c,s,t,a,k,i,n,g,s,t,u,d,e,n,t,s,.,n,e,t,i,d
n,e,w,.,p,r,o,d,u,c,t,i,d
p,c,2,.,p,r,i,c,e
p,s,.,p,r,o,d,u,c,t,i,d,=,p,.,p,r,o,d,u,c,t,i,d
t,m,p,.,c,r,n
t,e,m,p,.,m,a,n,a,g,e,r,i,d
a,w,k,1,.,y,e,a,r,r,e,l,e,a,s,e,d
p,t
p,r,o,d,u,c,t,s,.,b,r,a,n,d,n,a,m,e,=,',g,o,o,g,l,e
d,e,p,a,r,t,m,e,n,t,=,',c,s,'
e,2,.,d,e,p,t,i,d
e,e,.,s,a,l,a,r,y,/,1,2
s,.,n,e,t,i,d,=,t,.,n,e,t,i,d
f,.,p,u,r,c,h,a,s,e,i,d
t,o,t,a,l,.,t,o,t,a,l,c,r,e,d,i,t,s
a,.,t,o,t,a,l,p,u,r,c,h,a,s,e,s
',s,s,1,2,3,4,',",",1
c,2,.,f,i,r,s,t,n,a,m,e
v,.,f,i,r,s,t,n,a,m,e
p,r,o,d,u,c,t,s,_,r,e,l,e,a,s,e,d,_,b,e,f,o,r,e
t,h,e,c,o,u,n,t,e,r
x,2
p,r,e,.,y,e,a,r,r,e,l,e,a,s,e,d
e,c,e,m,a,j,o,r,s,.,f,i,r,s,t,n,a,m,e
c,l,a,s,s,e,s,.,d,e,p,a,r,t,m,e,n,t
p,r,o,d,u,c,t,s,.,b,r,a,n,d,n,a,m,e,=,',s,a,m,s,u,n,g
r,e,s,.,p,r,o,d,u,c,t,i,d
c,o,m,m,i,s,i,o,n
p,r,i,o,r,.,p,r,o,d,u,c,t,i,d
m,.,y,e,a,r,r,e,l,e,a,s,e,d
b,t,.,c,r,e,d,i,t,s
i,p,.,p,r,i,c,e
d,e,p,t,.,n,e,t,i,d
p,u,r,c,h,.,p,r,o,d,u,c,t,i,d,=,p,r,o,d,.,p,r,o,d,u,c,t,i,d
s,t,a,r,t,s
p,2,.,p,r,o,d,u,c,t,i,d,=,p,3,.,p,r,o,d,u,c,t,i,d
q,u,e,r,y
t,m,p,3,.,c,u,s,t,o,m,e,r,i,d
',n,e,w
d,a,t,a,_
m,i,n,p,r,i,c,e,t,a,b,l,e,.,p,r,o,d,u,c,t,i,d
t,.,b,r,a,n,d,n,a,m,e
m,i,n,_,p,r,i,c,e,.,p,r,i,c,e
a,.,s,d
a,.,p,t,a,b,l,e
t,m,p,1,.,c,u,s,t,o,m,e,r,i,d
g,.,p,2,i,d
p,i
4,.
b,n
d,e,p,t,.,d,e,p,t,l,o,c,a,t,i,o,n
e,a,r,l,i,e,r
o,r,i,p,.,y,e,a,r,r,e,l,e,a,s,e,d
p,u,r,0
s,e,.,f,i,r,s,t,n,a,m,e
p,r,o,d,c,o,u,n,t,s
o,.,b,r,a,n,d,n,a,m,e
p,r,o,.,b,r,a,n,d,n,a,m,e,=,',g,o,o,g,l,e
m,.,m,i,n,p,r,i,c,e
y,e,n
f,i,n,a,l,.,y,e,a,r,r,e,l,e,a,s,e,d
a,n,y,t,h,i,n,g
n,e,t
l,e,f,t,j,o,i,n,+,o,n
g,.,m,i,n,s,a,l,a,r,y
d,.,b,r,a,n,d,n,a,m,e
p,r,e
x,1,.,l,a,s,t,n,a,m,e
t,o,t,a,l,_,c,r,e,d,i,t
m,t,.,m,i,n,p,r,i,c,e
p,o,o,r,p,e,o,p,l,e
c,i,.,c,r,n
',l,o,n,d,o,n,'
c,u,s,t,i,d,.,c,u,s,t,o,m,e,r,i,d
c,s,.,c,u,s,t,o,m,e,r,i,d
n,.,y,e,a,r,r,e,l,e,a,s,e,d
f,.,c,u,s,t,o,m,e,r,i,d,=,b,.,c,u,s,t,o,m,e,r,i,d
n,e,w,t,a,b,l,e
m,o,n,t,h,l,y
a,v,e,r,a,g,e
b,t,.,p,r,o,d,u,c,t,n,a,m,e
s,a,m,s,u,n,g,b,u,y,e,r,s,.,c,u,s,t,o,m,e,r,i,d
d,1,.,d,e,p,t,n,a,m,e
h,o,h,o,.,c,u,s,t,o,m,e,r,i,d
e,1,.,m,a,n,a,g,e,r,i,d
b,.,l,a,s,t,n,a,m,e
e,1,.,a,n,n,u,a,l,s,a,l,a,r,y
s,a,l,a,r,y,a,f,t,e,r,c,o,m,i,s,s,i,o,n
c,s,_,n,e,t,i,d,s,.,n,e,t,i,d
b,.,e,m,p,i,d
d,.,m,a,n,a,g,e,r,i,d
e,3,.,m,a,n,a,g,e,r,i,d
i,n,t,e,r,s,e,c,t
n,o,t,e
m,i,n,c,.,c,u,s,t,o,m,e,r,i,d
e,.,x
l,o,w,e,s,t,p,r,i,c,e
g,.,g,r,a,d,e,=,1,5
r,.,c,a,r,t,s,i,z,e
t,.,i,d
n,.,b,r,a,n,d,n,a,m,e
c,.,d,e,p,a,r,t,m,e,n,t,=
p,d,d,.,b,r,a,n,d,n,a,m,e
p,s
n,u,m,c,u,s,t
a,v,g,_,s,a,l,s,.,m,a,n,a,g,e,r,i,d
p,c,.,c,n,t
j,o,b,t,i,t,l,e,=,',i,t
m,o,n,t,h,l,y,_,s,a,l,a,r,y
t,b,1
t,a,b,l,e,1,.,m,i,n,p,r,i,c,e
e,c,e,s,t,u,d,e,n,t,s
b,.,c,c
3
s,a,l,.,m,i,n,s,a,l,a,r,y
p,4,.,l,a,s,t,n,a,m,e
b,n,1
l,o,w,e,s,t,p,r,i,c,e,s,.,l,o,w,e,s,t,p,r,i,c,e
m,i,n,_,t,a,b,l,e,.,m,i,n,_,i,d
m,i,n,t
c,1,.,c,r,n
s,.,m,i,n,a,n,n,u,a,l,s,a,l,a,r,y
d,.,d,e,p,t,l,o,c,a,t,i,o,n,=
w,h,o,s,e
x,1,.,c,u,s,t,o,m,e,r,i,d
g,.,l,a,s,t,n,a,m,e
a,.,d,e,p,t,n,a,m,e
e,n,r,o,c,o,u,r
c,1,.,c,u,s,t,o,m,e,r,i,d,=,p,1,.,c,u,s,t,o,m,e,r,i,d
',l,a,t,t,e
t,e,m,p,.,s,c
p,p,2
4,.,0
e,m,p,2,.,s,a,l,a,r,y
p,.,d,r,i,n,k
g,.,c,r,e,d,i,t,s
c,o,m,i,s,s,i,o,n,*,s,a,l,a,r,y
c,n
t,b,4,.,c,u,s,t,o,m,e,r,i,d
c,u,s,t,.,p,h,o,n,e,n,u,m,b,e,r
e,n,r,.,c,r,e,d,s
p,l,u,s
g,.,c,r,n
t,2,.,p,r,o,d,u,c,t,i,d
n,e,w,t,a,b,l,e,.,p,r,o,d,u,c,t,n,a,m,e
p,n,1
t,b,1,.,c,t
i,.,y,e,a,r,r,e,l,e,a,s,e,d
s,u,m,_,c,r,e,d,i,t,s
x,.,p,r,o,d,u,c,t,i,d
p,.,p,r,o,d,u,c,t,i,d,=,p,s,.,p,r,o,d,u,c,t,i,d
a,.,t,o,t,a,l,_,n,u,m,b,e,r
z,z
f,.,m,a,n,a,g,e,r,i,d
t,e,m,p,.,p,r,o,d,u,c,t,i,d
h,o,h,o
x,x,x,.,p,r,o,d,u,c,t,i,d
e,n,r,o,c,o,u,r,.,d,e,p,a,r,t,m,e,n,t
t,e,m,p,.,c,r,e,d,i,t,s
t,1,.,n,e,t,i,d
c,u,s,t,o,m,e,r,s,.,p,h,o,n,e,n,u,m,b,e,r,=
l,e,a,s,t
p,d,2,.,p,r,o,d,u,c,t,i,d
n,u,m,b,o,u,g,h,t
o,.,l,a,s,t,n,a,m,e
c,h,e,a,p,e,s,t
c,x,.,f,i,r,s,t,n,a,m,e
t,b,4,.,b,r,a,n,d,n,a,m,e
c,u,s,t,o,m,e,r,.,n,a,m,e
w,i,l,l
d,a,t,a,_,.,l,a,s,t,n,a,m,e
t,i,m,e,s
t,1,.,y,e,a,r,r,e,l,e,a,s,e,d
t,e,m,p,.,y,e,a,r,r,e,l,e,a,s,e,d
p,r,o,d,u,c,t,s,*,/
c,u,s,t,s,.,f,i,r,s,t,n,a,m,e
p,.,b,r,a,n,d,n,a,m,e,=,r,.,b,r,a,n,d,n,a,m,e
t,.,l,n
t,h,i,s
s,s,.,l,a,s,t,n,a,m,e
k,n,o,w
l,o,w,c,.,c,u,s,t,o,m,e,r,i,d
e,n,r,o,l,l,m,e,n,t,s,.,s,c
a,.,s,u,m
c,o,u,r,s,e,s,.,d,e,p,a,r,t,m,e,n,t,=,',c,s
",",1
d,3,.,p,r,o,d,u,c,t,n,a,m,e
a,a,a
m,p,d,.,p,r,o,d,u,c,t,i,d
j,'
d,.,d,e,p,t,l,o,c,a,t,i,o,n,=,',d,u,b,a,i
d,e,p,t,.,d,e,p,a,r,t,m,e,n,t
e,c,e,m,a,j,o,r,s
p,n
c,.,p,r,i,c,e
b,u,t
y,.,p,r,o,d,u,c,t,i,d
p,r,r
m,a,n,a,g,e,r,'
c,u,r,r,.,y,e,a,r,r,e,l,e,a,s,e,d
e,2,.,a,n,n,u,a,l,s,a,l,a,r,y
a,.,p,r,i,c,e,=
p,c,4
f,.,p,r,i,c,e
p,6,.,p,r,o,d,u,c,t,i,d
a,p,.,p,r,o,d,u,c,t,i,d
m,i,n,p,r,i,c,e,.,p,r,i,c,e
n,u,m,p,u,r,c,h,a,s,e,s,b,y,c,u,s,t,o,m,e,r,.,c,u,s,t,o,m,e,r,i,d
p,r,i,c,e,_,t,a,b,l,e,.,l,o,w,e,s,t
p,r,o,d,2,.,b,r,a,n,d,n,a,m,e,=,',g,o,o,g,l,e,'
s,u,b,q,.,p,r,o,d,u,c,t,n,a,m,e
c,l,a,u,s,e
e,l
c,t,r,.,c,u,s,t,o,m,e,r,i,d
t,a,b,l,e
t,.,d,e,p,a,r,t,m,e,n,t
d,e
c,.,c,u,s,t,o,m,e,r,i,d,=,d,.,c,u,s,t,o,m,e,r,i,d
b,.,d,e,p,t,i,d
b,.,p,u,r,c,h,a,s,e,i,d
c,o,n,d
t,.,s,u
a,s,k
c,.,c,u,s,t,o,m,e,r,i,d,=,o,.,c,u,s,t,o,m,e,r,i,d
|,|
=,',t,',a,n,d
p,u,r,c,h,a,s,e,s,3,.,p,r,i,c,e
a,w,k,2,.,p,r,o,d,u,c,t,n,a,m,e
m,i,n,b,u,y,e,r,s
q,.,y,e,a,r,r,e,l,e,a,s,e,d
i,n,s,i,d,e,.,y,e,a,r,r,e,l,e,a,s,e,d
o,l,d
f,r,e
p,6
o,u,t,p,u,t
a,g,b,u,y,e,r,s,.,c,u,s,t,o,m,e,r,i,d
h
t,2,.,y,e,a,r,r,e,l,e,a,s,e,d
v,.,l,a,s,t,n,a,m,e
m,a,n,a,g,e,r,s,a,l,a,r,y
x,.,p
t,.,c,r,n
e,e,.,j,o,b,t,i,t,l,e
e,a,c,h
h,2,.,c,u,s,t,o,m,e,r,i,d
t,e,m,p,.,c,r,d
p,r,o,.,p,r,o,d,u,c,t,i,d,=,p,u,r,.,p,r,o,d,u,c,t,i,d
t,e,m,p,.,t,o,t,c,r,e,d,i,t,s
',a,r,o,m,a
p,r,o,d,c,n,t
c,.,y,e,a,r,r,e,l,e,a,s,e,d
c,o,u,n,t,n,u,m
c,i,.,d,e,p,a,r,t,m,e,n,t
t,e,m,p,.,c,n,t
b,c
p,u,r,.,p,u,r,c,h,a,s,e,i,d
p,u,r,r
c,a,o
t,e,m,p,1,.,m,i,n,p,r,i,c,e
t,e,m,p,.,p,r,i,c,e
b,e,n,c,h,m,a,r,k
t,.,c,r,r,n
p,1,1
e,m,p,.,j,o,b,t,i,t,l,e
d,e,.,d,e,p,t,i,d
',s,a,m,s,u,n,g,',a,n,d
t,o,t,a,l,s,.,t,o,t,a,l,p,u,r,c,h,a,s,e,s
s,e,.,l,a,s,t,n,a,m,e
p,r,o,d,s
f,i,l,t,e,r,i,n,g
s,1,.,g,r,a,d,e
e,.,c,r,e,d,i,t
h,e,l,p,1
n,',t
a,w,k,2
p,r,r,.,p,r,o,d,u,c,t,i,d
c,u,.,p,h,o,n,e,n,u,m,b,e,r
x,.,m,a,n,a,g,e,r,i,d
p,5,.,c,u,s,t,o,m,e,r,i,d
c,o,n,d,i,t,i,o,n,a,l,p,r,o,d,u,c,t,t,a,l,l,y
q,u,a,l,i,f,i,e,d,c,u,s,t,o,m,e,r,s
n,m,.,c,u,s,t,o,m,e,r,i,d
p,r,o,d,n,a,m,e
c,u,s,t,1,.,p,h,o,n,e,n,u,m,b,e,r
p,o,o,r,p,e,o,p,l,e,.,c,u,s,t,o,m,e,r,i,d
